,EI,EO,EQ,ILF,EIF,IS_Banking,IS_Communication,IS_Construction,IS_Electronics & Computers,IS_Financial,IS_Government,IS_Insurance,IS_Manufacturing,IS_Medical & Health Care,IS_Professional Services,IS_Service Industry,IS_Utilities,IS_Wholesale & Retail,PredictedValues,RealValues
240,0.07407407407407407,0.53125,0.051194539249146756,0.05714285714285715,0.0,0.0,1.0,0.0,0.0,0.0,0.0,0.0,0.0,0.0,0.0,0.0,0.0,0.0,0.3380721092224121,0.8145539906103287
247,0.18209876543209874,0.28125,0.04436860068259386,0.6040816326530613,0.09154929577464789,0.0,0.0,0.0,0.0,0.0,0.0,1.0,0.0,0.0,0.0,0.0,0.0,0.0,0.45157394409179685,0.14788732394366194
147,0.5,0.09375,0.33447098976109213,0.3959183673469388,0.017605633802816902,0.0,0.0,0.0,1.0,0.0,0.0,0.0,0.0,0.0,0.0,0.0,0.0,0.0,0.10998331308364868,0.03219315895372232
239,0.3672839506172839,0.0,0.49146757679180886,0.33877551020408164,0.0,0.0,0.0,0.0,0.0,0.0,1.0,0.0,0.0,0.0,0.0,0.0,0.0,0.0,0.5744801521301269,0.7853789403085178
273,0.12654320987654322,0.24553571428571427,0.19112627986348124,0.14285714285714288,0.0,0.0,0.0,0.0,0.0,0.0,1.0,0.0,0.0,0.0,0.0,0.0,0.0,0.0,0.31979148387908934,0.07914151576123407
53,0.06481481481481481,0.16964285714285712,0.13310580204778158,0.028571428571428574,0.1443661971830986,0.0,1.0,0.0,0.0,0.0,0.0,0.0,0.0,0.0,0.0,0.0,0.0,0.0,0.23965928554534913,0.30382293762575446
143,0.16666666666666666,0.3125,0.09556313993174062,0.2,0.3415492957746479,0.0,0.0,0.0,0.0,0.0,0.0,0.0,0.0,0.0,0.0,0.0,0.0,1.0,0.28048417568206785,0.2736418511066398
82,0.17592592592592593,0.39732142857142855,0.09897610921501707,0.13877551020408163,0.08802816901408451,0.0,0.0,0.0,0.0,1.0,0.0,0.0,0.0,0.0,0.0,0.0,0.0,0.0,0.44036545753479006,0.26760563380281693
270,0.1450617283950617,0.11607142857142856,0.27303754266211605,0.34285714285714286,0.0,0.0,0.0,0.0,0.0,0.0,0.0,1.0,0.0,0.0,0.0,0.0,0.0,0.0,0.5874382495880127,0.8940308517773308
80,0.2993827160493827,0.3571428571428571,0.09215017064846416,1.0,0.0,0.0,0.0,0.0,0.0,0.0,0.0,1.0,0.0,0.0,0.0,0.0,0.0,0.0,0.522256326675415,0.5150905432595574
105,0.046296296296296294,0.08482142857142856,0.08873720136518772,0.4,0.2535211267605634,0.0,1.0,0.0,0.0,0.0,0.0,0.0,0.0,0.0,0.0,0.0,0.0,0.0,0.2441244125366211,0.038564721663313206
254,0.18209876543209874,0.15625,0.020477815699658702,0.7428571428571429,0.035211267605633804,0.0,0.0,1.0,0.0,0.0,0.0,0.0,0.0,0.0,0.0,0.0,0.0,0.0,0.31848466396331787,0.3319919517102616
102,0.3395061728395061,0.11160714285714285,0.020477815699658702,0.2,0.017605633802816902,1.0,0.0,0.0,0.0,0.0,0.0,0.0,0.0,0.0,0.0,0.0,0.0,0.0,0.30589869022369387,0.5888665325285043
216,0.24074074074074073,0.4508928571428571,0.08191126279863481,0.14285714285714288,0.07042253521126761,0.0,0.0,0.0,0.0,0.0,0.0,1.0,0.0,0.0,0.0,0.0,0.0,0.0,0.35073950290679934,0.5952380952380951
37,0.08641975308641975,0.4107142857142857,0.1945392491467577,0.0,0.1056338028169014,0.0,0.0,0.0,0.0,0.0,0.0,1.0,0.0,0.0,0.0,0.0,0.0,0.0,0.26924982070922854,0.21495640509725017
34,0.06481481481481481,0.7455357142857142,0.010238907849829351,0.04081632653061225,0.0,0.0,1.0,0.0,0.0,0.0,0.0,0.0,0.0,0.0,0.0,0.0,0.0,0.0,0.2829465389251709,0.04292421193829643
55,0.2037037037037037,0.13392857142857142,0.05460750853242321,0.1469387755102041,0.035211267605633804,1.0,0.0,0.0,0.0,0.0,0.0,0.0,0.0,0.0,0.0,0.0,0.0,0.0,0.3412981748580933,0.014419852448021464
200,0.16975308641975306,0.2589285714285714,0.18771331058020477,0.2489795918367347,0.017605633802816902,0.0,0.0,0.0,0.0,0.0,1.0,0.0,0.0,0.0,0.0,0.0,0.0,0.0,0.37422139644622804,0.5050301810865192
226,0.2006172839506173,0.1875,0.0,0.4285714285714286,0.4823943661971831,0.0,0.0,0.0,0.0,0.0,0.0,0.0,0.0,0.0,0.0,1.0,0.0,0.0,0.5747791767120362,0.6485580147551979
95,0.478395061728395,0.03125,0.3856655290102389,0.20816326530612247,0.017605633802816902,0.0,0.0,0.0,0.0,0.0,1.0,0.0,0.0,0.0,0.0,0.0,0.0,0.0,0.570001220703125,0.8960429242119383
181,0.012345679012345678,0.040178571428571425,0.14334470989761092,0.2,0.3873239436619718,0.0,0.0,0.0,0.0,0.0,0.0,0.0,0.0,0.0,0.0,1.0,0.0,0.0,0.3937257766723633,0.47853789403085173
151,0.21913580246913578,0.049107142857142856,0.10921501706484642,0.05714285714285715,0.0,0.0,0.0,0.0,0.0,0.0,1.0,0.0,0.0,0.0,0.0,0.0,0.0,0.0,0.4879607200622559,0.8705566733735748
175,0.38888888888888884,0.0,0.12969283276450513,0.0,0.0,0.0,1.0,0.0,0.0,0.0,0.0,0.0,0.0,0.0,0.0,0.0,0.0,0.0,0.3544128894805908,0.6160295103957076
28,0.14814814814814814,0.2544642857142857,0.08191126279863481,0.2693877551020408,0.0,0.0,0.0,0.0,0.0,1.0,0.0,0.0,0.0,0.0,0.0,0.0,0.0,0.0,0.3591031551361084,0.1955063715627096
79,0.29320987654320985,0.36607142857142855,0.09215017064846416,0.3102040816326531,0.0,0.0,0.0,0.0,0.0,0.0,1.0,0.0,0.0,0.0,0.0,0.0,0.0,0.0,0.5176417827606201,0.6032863849765258
185,0.37037037037037035,0.4196428571428571,0.2627986348122867,0.2571428571428572,0.035211267605633804,0.0,0.0,0.0,0.0,0.0,1.0,0.0,0.0,0.0,0.0,0.0,0.0,0.0,0.30001044273376465,0.0
90,0.39814814814814814,0.16964285714285712,0.15699658703071673,0.2326530612244898,0.0,0.0,1.0,0.0,0.0,0.0,0.0,0.0,0.0,0.0,0.0,0.0,0.0,0.0,0.458880615234375,0.1063044936284373
33,0.38580246913580246,0.42410714285714285,0.0,0.1142857142857143,0.1091549295774648,0.0,0.0,0.0,0.0,1.0,0.0,0.0,0.0,0.0,0.0,0.0,0.0,0.0,0.2878504514694214,0.14553990610328643
66,0.0,0.9017857142857142,0.0,0.028571428571428574,0.1936619718309859,0.0,0.0,0.0,0.0,0.0,0.0,1.0,0.0,0.0,0.0,0.0,0.0,0.0,0.20951719284057618,0.1757209926224011
194,0.16666666666666666,0.4375,0.15699658703071673,0.1673469387755102,0.0,0.0,0.0,0.0,0.0,0.0,1.0,0.0,0.0,0.0,0.0,0.0,0.0,0.0,0.3276634216308594,0.038229376257545244
160,0.16049382716049382,0.15625,0.0,0.2285714285714286,0.2640845070422535,0.0,0.0,0.0,1.0,0.0,0.0,0.0,0.0,0.0,0.0,0.0,0.0,0.0,0.1880567789077759,0.14352783366867877
94,0.3395061728395061,0.11607142857142856,0.16382252559726962,0.1142857142857143,0.0,0.0,0.0,0.0,0.0,0.0,0.0,0.0,0.0,0.0,0.0,1.0,0.0,0.0,0.5734091758728027,0.6143527833668678
252,0.4629629629629629,0.03125,0.45051194539249145,0.0,0.0,0.0,0.0,0.0,0.0,0.0,1.0,0.0,0.0,0.0,0.0,0.0,0.0,0.0,0.4020549774169922,0.14185110663983908
4,0.28703703703703703,0.0,0.6621160409556314,0.0816326530612245,0.0,0.0,1.0,0.0,0.0,0.0,0.0,0.0,0.0,0.0,0.0,0.0,0.0,0.0,0.6063928604125977,0.6237424547283703
161,0.19753086419753085,0.2544642857142857,0.2935153583617747,0.17142857142857143,0.017605633802816902,0.0,0.0,0.0,0.0,0.0,1.0,0.0,0.0,0.0,0.0,0.0,0.0,0.0,0.3489463567733765,0.13950368879946345
193,0.3796296296296296,0.04464285714285714,0.13651877133105803,0.4653061224489796,0.0,0.0,1.0,0.0,0.0,0.0,0.0,0.0,0.0,0.0,0.0,0.0,0.0,0.0,0.6220871925354003,0.80784708249497
207,0.13580246913580246,0.3526785714285714,0.11604095563139932,0.32244897959183677,0.0,0.0,0.0,0.0,0.0,0.0,0.0,0.0,1.0,0.0,0.0,0.0,0.0,0.0,0.3595507860183716,0.07243460764587523
232,0.29320987654320985,0.11160714285714285,0.11604095563139932,0.163265306122449,0.0,0.0,0.0,0.0,0.0,0.0,1.0,0.0,0.0,0.0,0.0,0.0,0.0,0.0,0.5128888130187989,0.24849094567404423
206,0.16666666666666666,0.3169642857142857,0.41979522184300344,0.4571428571428572,0.0,0.0,0.0,0.0,1.0,0.0,0.0,0.0,0.0,0.0,0.0,0.0,0.0,0.0,0.4275986671447754,0.4413145539906103
85,0.07407407407407407,0.0,0.20819112627986347,0.06938775510204082,0.08802816901408451,0.0,0.0,0.0,0.0,0.0,0.0,0.0,0.0,0.0,0.0,1.0,0.0,0.0,0.29982943534851075,0.2810194500335345
78,0.018518518518518517,0.20535714285714285,0.5221843003412969,0.028571428571428574,0.0,0.0,0.0,0.0,0.0,0.0,1.0,0.0,0.0,0.0,0.0,0.0,0.0,0.0,0.26001462936401365,0.403420523138833
107,0.12037037037037036,0.3125,0.06143344709897611,0.25306122448979596,0.1936619718309859,1.0,0.0,0.0,0.0,0.0,0.0,0.0,0.0,0.0,0.0,0.0,0.0,0.0,0.3972522974014282,0.17672702883970487
122,0.2623456790123457,0.07589285714285714,0.08873720136518772,0.5428571428571429,0.0,0.0,1.0,0.0,0.0,0.0,0.0,0.0,0.0,0.0,0.0,0.0,0.0,0.0,0.5048920631408691,0.5046948356807512
188,0.1728395061728395,0.0,0.09215017064846416,0.15510204081632656,0.024647887323943664,0.0,1.0,0.0,0.0,0.0,0.0,0.0,0.0,0.0,0.0,0.0,0.0,0.0,0.21867623329162597,0.017437961099932953
220,0.021604938271604937,0.040178571428571425,0.726962457337884,0.1836734693877551,0.017605633802816902,0.0,0.0,0.0,0.0,0.0,0.0,1.0,0.0,0.0,0.0,0.0,0.0,0.0,0.5937764167785644,0.8095238095238095
23,0.1728395061728395,0.20535714285714285,0.05460750853242321,0.22040816326530616,0.24647887323943662,0.0,0.0,0.0,0.0,0.0,0.0,1.0,0.0,0.0,0.0,0.0,0.0,0.0,0.35086779594421386,0.11267605633802819
210,0.1388888888888889,0.17410714285714285,0.12969283276450513,0.17142857142857143,0.017605633802816902,1.0,0.0,0.0,0.0,0.0,0.0,0.0,0.0,0.0,0.0,0.0,0.0,0.0,0.3624739646911621,0.8397048960429243
223,0.0,0.3839285714285714,0.0,0.20408163265306123,0.45774647887323944,0.0,0.0,0.0,0.0,1.0,0.0,0.0,0.0,0.0,0.0,0.0,0.0,0.0,0.6400182247161865,0.8812877263581489
137,0.07407407407407407,0.1294642857142857,0.12627986348122866,0.2448979591836735,0.0,0.0,0.0,0.0,0.0,0.0,0.0,1.0,0.0,0.0,0.0,0.0,0.0,0.0,0.4481996536254883,0.363514419852448
132,0.10185185185185185,0.19642857142857142,1.0,0.0,0.0,1.0,0.0,0.0,0.0,0.0,0.0,0.0,0.0,0.0,0.0,0.0,0.0,0.0,0.23375375270843507,0.08920187793427231
10,0.48148148148148145,0.0625,0.24573378839590443,0.028571428571428574,0.0,0.0,0.0,0.0,0.0,0.0,1.0,0.0,0.0,0.0,0.0,0.0,0.0,0.0,0.4707146167755127,0.35881958417169685
250,0.06172839506172839,0.08928571428571427,0.31399317406143346,0.8204081632653062,0.1443661971830986,1.0,0.0,0.0,0.0,0.0,0.0,0.0,0.0,0.0,0.0,0.0,0.0,0.0,0.2747458219528198,0.23608316566063042
92,0.41975308641975306,0.14285714285714285,0.12286689419795221,0.0,0.0,0.0,0.0,0.0,0.0,0.0,1.0,0.0,0.0,0.0,0.0,0.0,0.0,0.0,0.46242775917053225,0.02682763246143527
26,0.35185185185185186,0.7098214285714285,0.3003412969283277,0.14285714285714288,0.17605633802816903,0.0,0.0,0.0,0.0,0.0,1.0,0.0,0.0,0.0,0.0,0.0,0.0,0.0,0.33051395416259766,0.20523138832997984
11,0.040123456790123455,0.24107142857142855,0.18430034129692832,0.163265306122449,0.024647887323943664,0.0,0.0,0.0,0.0,1.0,0.0,0.0,0.0,0.0,0.0,0.0,0.0,0.0,0.6056029319763183,0.7424547283702214
166,0.08024691358024691,0.5,0.09215017064846416,0.20408163265306123,0.0,0.0,1.0,0.0,0.0,0.0,0.0,0.0,0.0,0.0,0.0,0.0,0.0,0.0,0.3554708957672119,0.2883970489604292
62,0.5,0.02232142857142857,0.28668941979522183,0.1836734693877551,0.017605633802816902,0.0,1.0,0.0,0.0,0.0,0.0,0.0,0.0,0.0,0.0,0.0,0.0,0.0,0.5709784507751465,0.8947015425888665
81,0.10185185185185185,0.17857142857142855,0.040955631399317405,0.44489795918367353,0.22183098591549297,0.0,0.0,0.0,0.0,0.0,0.0,1.0,0.0,0.0,0.0,0.0,0.0,0.0,0.3286184549331665,0.32394366197183094
274,0.2067901234567901,0.45982142857142855,0.2627986348122867,0.4,0.07042253521126761,0.0,1.0,0.0,0.0,0.0,0.0,0.0,0.0,0.0,0.0,0.0,0.0,0.0,0.5550894260406494,0.7337357478202549
54,0.43209876543209874,0.8080357142857142,0.15358361774744028,0.0,0.0,0.0,0.0,0.0,0.0,1.0,0.0,0.0,0.0,0.0,0.0,0.0,0.0,0.0,0.5383569240570069,0.7632461435278337
124,0.5,0.10714285714285714,0.06143344709897611,0.4571428571428572,0.1056338028169014,0.0,0.0,0.0,0.0,0.0,0.0,0.0,1.0,0.0,0.0,0.0,0.0,0.0,0.3856594324111938,0.41113346747149565
91,0.3271604938271605,0.4375,0.16382252559726962,0.22040816326530616,0.07394366197183098,0.0,0.0,0.0,0.0,1.0,0.0,0.0,0.0,0.0,0.0,0.0,0.0,0.0,0.2864246845245361,0.44600938967136144
125,0.2716049382716049,0.02232142857142857,0.0,0.06938775510204082,0.4612676056338028,1.0,0.0,0.0,0.0,0.0,0.0,0.0,0.0,0.0,0.0,0.0,0.0,0.0,0.4866663455963135,0.4647887323943662
35,0.19753086419753085,0.1607142857142857,0.030716723549488054,0.1142857142857143,0.07042253521126761,0.0,0.0,0.0,0.0,0.0,0.0,0.0,1.0,0.0,0.0,0.0,0.0,0.0,0.3337301015853882,0.20791415157612342
281,0.2006172839506173,0.13839285714285712,0.07508532423208192,0.15510204081632656,0.0,0.0,1.0,0.0,0.0,0.0,0.0,0.0,0.0,0.0,0.0,0.0,0.0,0.0,0.308351469039917,0.7712944332662643
169,0.35493827160493824,0.26785714285714285,0.013651877133105802,0.06122448979591837,0.0,0.0,1.0,0.0,0.0,0.0,0.0,0.0,0.0,0.0,0.0,0.0,0.0,0.0,0.31877405643463136,0.2528504359490275
174,0.23148148148148145,0.05357142857142857,0.07849829351535836,0.15918367346938778,0.0,0.0,0.0,0.0,0.0,0.0,0.0,0.0,0.0,0.0,0.0,0.0,1.0,0.0,0.20142202377319335,0.13346747149564048
280,0.12654320987654322,0.2544642857142857,0.0,0.40408163265306124,0.08802816901408451,0.0,0.0,0.0,0.0,0.0,0.0,0.0,1.0,0.0,0.0,0.0,0.0,0.0,0.40056729316711426,0.41951710261569414
266,0.2716049382716049,0.10267857142857142,0.10580204778156997,0.14285714285714288,0.0,0.0,1.0,0.0,0.0,0.0,0.0,0.0,0.0,0.0,0.0,0.0,0.0,0.0,0.3324390649795532,0.23105298457411133
222,0.21604938271604937,0.5491071428571428,0.1945392491467577,0.1142857142857143,0.1056338028169014,0.0,0.0,0.0,0.0,0.0,0.0,0.0,1.0,0.0,0.0,0.0,0.0,0.0,0.18981441259384155,0.01106639839034207
50,0.25,0.21428571428571427,0.020477815699658702,0.2,0.0,0.0,1.0,0.0,0.0,0.0,0.0,0.0,0.0,0.0,0.0,0.0,0.0,0.0,0.46963024139404297,0.23340040241448695
97,0.21296296296296297,0.8839285714285714,0.0,0.0,0.017605633802816902,0.0,0.0,0.0,0.0,0.0,0.0,1.0,0.0,0.0,0.0,0.0,0.0,0.0,0.35494897365570066,0.6059691482226692
170,0.09567901234567901,0.59375,0.0,0.1836734693877551,0.017605633802816902,0.0,1.0,0.0,0.0,0.0,0.0,0.0,0.0,0.0,0.0,0.0,0.0,0.0,0.3331261396408081,0.1267605633802817
285,0.030864197530864196,0.1919642857142857,0.15358361774744028,0.32244897959183677,0.09154929577464789,0.0,0.0,0.0,0.0,0.0,0.0,1.0,0.0,0.0,0.0,0.0,0.0,0.0,0.446565580368042,0.4839034205231388
196,0.22530864197530864,0.0,0.07508532423208192,0.05714285714285715,0.0,0.0,1.0,0.0,0.0,0.0,0.0,0.0,0.0,0.0,0.0,0.0,0.0,0.0,0.32432801723480226,0.31991951710261574
150,0.10185185185185185,0.0,0.13310580204778158,0.0979591836734694,0.08802816901408451,1.0,0.0,0.0,0.0,0.0,0.0,0.0,0.0,0.0,0.0,0.0,0.0,0.0,0.35807754993438723,0.3118712273641851
218,0.04938271604938271,0.0625,0.010238907849829351,0.6081632653061225,0.05985915492957747,0.0,0.0,0.0,0.0,0.0,0.0,0.0,0.0,0.0,1.0,0.0,0.0,0.0,0.5979907989501954,0.9232059020791414
13,0.32407407407407407,0.125,0.06143344709897611,0.23673469387755103,0.0,0.0,0.0,0.0,0.0,0.0,0.0,1.0,0.0,0.0,0.0,0.0,0.0,0.0,0.4586810111999512,0.8041582830315226
233,0.037037037037037035,0.21875,0.12286689419795221,0.1142857142857143,0.0528169014084507,0.0,1.0,0.0,0.0,0.0,0.0,0.0,0.0,0.0,0.0,0.0,0.0,0.0,0.3504708528518677,0.772300469483568
282,0.07407407407407407,0.3526785714285714,0.020477815699658702,0.17142857142857143,0.2112676056338028,0.0,0.0,0.0,0.0,0.0,0.0,1.0,0.0,0.0,0.0,0.0,0.0,0.0,0.38447525501251223,0.5704225352112675
256,0.37037037037037035,0.040178571428571425,0.46757679180887374,0.2,0.0,0.0,0.0,0.0,0.0,0.0,0.0,0.0,0.0,0.0,0.0,0.0,1.0,0.0,0.12146309614181519,0.024144869215291742
148,0.4907407407407407,0.1294642857142857,0.1945392491467577,0.48571428571428577,0.0528169014084507,0.0,0.0,0.0,0.0,0.0,1.0,0.0,0.0,0.0,0.0,0.0,0.0,0.0,0.49522957801818845,0.4215291750503018
171,0.31481481481481477,0.0,0.05460750853242321,0.0,0.0,0.0,1.0,0.0,0.0,0.0,0.0,0.0,0.0,0.0,0.0,0.0,0.0,0.0,0.1684824585914612,0.12810194500335342
159,0.2345679012345679,0.24553571428571427,0.12969283276450513,0.5551020408163265,0.26760563380281693,0.0,0.0,0.0,0.0,0.0,0.0,0.0,1.0,0.0,0.0,0.0,0.0,0.0,0.3249886751174927,0.5586854460093897
231,0.12962962962962962,0.25,0.030716723549488054,0.14285714285714288,0.035211267605633804,0.0,0.0,0.0,0.0,0.0,0.0,0.0,0.0,1.0,0.0,0.0,0.0,0.0,0.18712671995162963,0.038564721663313206
8,0.0,0.5133928571428571,0.1945392491467577,0.0,0.14788732394366197,1.0,0.0,0.0,0.0,0.0,0.0,0.0,0.0,0.0,0.0,0.0,0.0,0.0,0.49773306846618653,0.5050301810865192
77,0.30864197530864196,0.05357142857142857,0.05460750853242321,0.08979591836734695,0.017605633802816902,0.0,0.0,0.0,0.0,0.0,1.0,0.0,0.0,0.0,0.0,0.0,0.0,0.0,0.4499293327331543,0.7987927565392354
248,0.20987654320987653,0.11160714285714285,0.06484641638225257,0.4,0.14084507042253522,0.0,0.0,0.0,0.0,0.0,0.0,0.0,1.0,0.0,0.0,0.0,0.0,0.0,0.29889755249023436,0.06069751844399729
167,0.009259259259259259,0.2544642857142857,0.0,0.028571428571428574,0.2535211267605634,0.0,0.0,0.0,0.0,0.0,1.0,0.0,0.0,0.0,0.0,0.0,0.0,0.0,0.2587953805923462,0.2528504359490275
191,0.1419753086419753,0.12053571428571427,0.16723549488054607,0.08979591836734695,0.0,0.0,0.0,0.0,0.0,0.0,1.0,0.0,0.0,0.0,0.0,0.0,0.0,0.0,0.4117866039276123,0.03755868544600938
119,0.43209876543209874,0.29910714285714285,0.0,0.2571428571428572,0.12323943661971831,0.0,0.0,0.0,0.0,0.0,0.0,0.0,0.0,0.0,0.0,1.0,0.0,0.0,0.4943889617919922,0.6237424547283703
264,0.23148148148148145,0.125,0.034129692832764506,0.11836734693877551,0.0,0.0,1.0,0.0,0.0,0.0,0.0,0.0,0.0,0.0,0.0,0.0,0.0,0.0,0.3846714019775391,0.2622401073105299
63,0.37037037037037035,0.7544642857142857,0.12286689419795221,0.2285714285714286,0.0,1.0,0.0,0.0,0.0,0.0,0.0,0.0,0.0,0.0,0.0,0.0,0.0,0.0,0.31227712631225585,0.19751844399731727
108,0.35185185185185186,0.08928571428571427,0.06143344709897611,0.05714285714285715,0.0,0.0,0.0,0.0,0.0,0.0,1.0,0.0,0.0,0.0,0.0,0.0,0.0,0.0,0.5158247947692871,0.9644533869885983
141,0.12654320987654322,0.0,0.2627986348122867,0.14285714285714288,0.0,0.0,0.0,0.0,0.0,0.0,1.0,0.0,0.0,0.0,0.0,0.0,0.0,0.0,0.4160449028015137,0.25083836351441985
88,0.2345679012345679,0.42857142857142855,0.15358361774744028,0.1673469387755102,0.035211267605633804,0.0,0.0,0.0,0.0,0.0,1.0,0.0,0.0,0.0,0.0,0.0,0.0,0.0,0.16618287563323975,0.6032863849765258
249,0.41975308641975306,0.23214285714285712,0.15017064846416384,0.028571428571428574,0.0,0.0,0.0,0.0,0.0,0.0,1.0,0.0,0.0,0.0,0.0,0.0,0.0,0.0,0.35718207359313964,0.6264252179745138
211,0.3055555555555555,0.5,0.08873720136518772,0.1142857142857143,0.0,0.0,1.0,0.0,0.0,0.0,0.0,0.0,0.0,0.0,0.0,0.0,0.0,0.0,0.4227717399597168,0.704225352112676
44,0.25925925925925924,0.45982142857142855,0.2832764505119454,0.15510204081632656,0.0528169014084507,0.0,0.0,0.0,0.0,0.0,0.0,1.0,0.0,0.0,0.0,0.0,0.0,0.0,0.3008406639099121,0.30046948356807507
243,0.09567901234567901,0.40178571428571425,0.05460750853242321,0.30612244897959184,0.2711267605633803,0.0,0.0,0.0,0.0,0.0,0.0,1.0,0.0,0.0,0.0,0.0,0.0,0.0,0.4272438049316406,0.17203219315895374
189,0.09259259259259259,0.2232142857142857,0.07508532423208192,0.0979591836734694,0.0,0.0,1.0,0.0,0.0,0.0,0.0,0.0,0.0,0.0,0.0,0.0,0.0,0.0,0.17111560106277465,0.08316566063044933
65,0.19135802469135801,0.21428571428571427,0.027303754266211604,0.5714285714285715,0.29577464788732394,0.0,0.0,0.0,0.0,0.0,0.0,1.0,0.0,0.0,0.0,0.0,0.0,0.0,0.45322623252868655,0.1830985915492958
60,0.4722222222222222,0.37053571428571425,0.0,0.4571428571428572,0.035211267605633804,0.0,0.0,0.0,0.0,0.0,0.0,0.0,1.0,0.0,0.0,0.0,0.0,0.0,0.4186448097229004,0.46914822266934947
93,0.17592592592592593,0.30803571428571425,0.3003412969283277,0.05714285714285715,0.0,0.0,0.0,0.0,0.0,0.0,0.0,1.0,0.0,0.0,0.0,0.0,0.0,0.0,0.42201576232910154,0.07645875251509054
261,0.478395061728395,0.20089285714285712,0.22525597269624573,0.08979591836734695,0.0,0.0,0.0,0.0,0.0,0.0,1.0,0.0,0.0,0.0,0.0,0.0,0.0,0.0,0.5485764026641846,0.4366197183098592
238,0.25925925925925924,0.0,0.040955631399317405,0.0,1.0,0.0,0.0,0.0,0.0,0.0,1.0,0.0,0.0,0.0,0.0,0.0,0.0,0.0,0.2943877696990967,0.03487592219986585
267,0.1419753086419753,0.0,0.17064846416382254,0.1673469387755102,0.0,0.0,1.0,0.0,0.0,0.0,0.0,0.0,0.0,0.0,0.0,0.0,0.0,0.0,0.4837013244628906,0.28504359490274983
279,0.12037037037037036,0.0,0.13993174061433447,0.0979591836734694,0.07042253521126761,1.0,0.0,0.0,0.0,0.0,0.0,0.0,0.0,0.0,0.0,0.0,0.0,0.0,0.4663033962249756,0.32796780684104626
157,0.2777777777777778,0.5357142857142857,0.11604095563139932,0.05714285714285715,0.0,0.0,1.0,0.0,0.0,0.0,0.0,0.0,0.0,0.0,0.0,0.0,0.0,0.0,0.4513507843017578,0.3722334004024144
163,0.07716049382716049,0.017857142857142856,0.2491467576791809,0.28163265306122454,0.13732394366197184,0.0,1.0,0.0,0.0,0.0,0.0,0.0,0.0,0.0,0.0,0.0,0.0,0.0,0.39703094959259033,0.13279678068410466
0,0.16666666666666666,0.36607142857142855,0.06484641638225257,0.05714285714285715,0.017605633802816902,1.0,0.0,0.0,0.0,0.0,0.0,0.0,0.0,0.0,0.0,0.0,0.0,0.0,0.44031944274902346,0.2488262910798122
45,0.06481481481481481,0.33035714285714285,0.08191126279863481,0.08571428571428572,0.0,0.0,0.0,0.0,0.0,0.0,0.0,1.0,0.0,0.0,0.0,0.0,0.0,0.0,0.28504788875579834,0.3581488933601609
153,0.27469135802469136,0.03125,0.19112627986348124,0.1142857142857143,0.0,0.0,0.0,0.0,0.0,0.0,0.0,0.0,0.0,0.0,0.0,1.0,0.0,0.0,0.4930306911468506,0.6488933601609659
40,0.1388888888888889,0.6964285714285714,0.09215017064846416,0.1510204081632653,0.0,0.0,0.0,0.0,0.0,0.0,0.0,1.0,0.0,0.0,0.0,0.0,0.0,0.0,0.1821676969528198,0.11066398390342053
59,0.5308641975308641,0.33035714285714285,0.04778156996587031,0.028571428571428574,0.017605633802816902,0.0,0.0,0.0,0.0,0.0,1.0,0.0,0.0,0.0,0.0,0.0,0.0,0.0,0.4898587703704834,0.7421193829644535
242,0.32407407407407407,0.37053571428571425,0.0,0.0,0.017605633802816902,0.0,0.0,0.0,0.0,0.0,0.0,1.0,0.0,0.0,0.0,0.0,0.0,0.0,0.4563051700592041,0.6552649228705567
46,0.5277777777777778,0.09375,0.3310580204778157,0.14285714285714288,0.035211267605633804,0.0,0.0,0.0,0.0,0.0,1.0,0.0,0.0,0.0,0.0,0.0,0.0,0.0,0.6137304306030273,0.5077129443326627
245,0.15740740740740738,0.0,0.3515358361774744,0.2122448979591837,0.0,0.0,0.0,0.0,0.0,0.0,1.0,0.0,0.0,0.0,0.0,0.0,0.0,0.0,0.405336332321167,0.5603621730382293
241,0.14814814814814814,0.8348214285714285,0.051194539249146756,0.14285714285714288,0.08802816901408451,0.0,0.0,0.0,0.0,0.0,0.0,0.0,1.0,0.0,0.0,0.0,0.0,0.0,0.22356157302856444,0.038564721663313206
104,0.2222222222222222,0.1919642857142857,0.010238907849829351,0.34285714285714286,0.1056338028169014,0.0,0.0,0.0,0.0,0.0,0.0,0.0,1.0,0.0,0.0,0.0,0.0,0.0,0.2249075174331665,0.048289738430583484
133,0.16049382716049382,0.25,0.06143344709897611,0.028571428571428574,0.07042253521126761,0.0,0.0,0.0,0.0,0.0,0.0,1.0,0.0,0.0,0.0,0.0,0.0,0.0,0.28507826328277586,0.5556673373574781
16,0.12962962962962962,0.49107142857142855,0.12286689419795221,0.34285714285714286,0.0,0.0,0.0,0.0,0.0,0.0,0.0,1.0,0.0,0.0,0.0,0.0,0.0,0.0,0.3463932991027832,0.038229376257545244
263,0.38580246913580246,0.10267857142857142,0.2627986348122867,0.2938775510204082,0.0,0.0,0.0,0.0,0.0,0.0,1.0,0.0,0.0,0.0,0.0,0.0,0.0,0.0,0.3173293828964233,0.2437961099932931
221,0.0,0.0,0.08191126279863481,0.5551020408163265,0.0,0.0,0.0,0.0,0.0,0.0,0.0,0.0,0.0,0.0,0.0,1.0,0.0,0.0,0.30650553703308103,0.009725016767270278
116,0.2716049382716049,0.017857142857142856,0.2901023890784983,0.08571428571428572,0.0,0.0,0.0,0.0,0.0,0.0,1.0,0.0,0.0,0.0,0.0,0.0,0.0,0.0,0.41826448440551756,0.3303152246814219
260,0.2777777777777778,0.08482142857142856,0.21843003412969283,0.15918367346938778,0.0,0.0,1.0,0.0,0.0,0.0,0.0,0.0,0.0,0.0,0.0,0.0,0.0,0.0,0.35865623950958253,0.266934942991281
74,0.4444444444444444,0.2544642857142857,0.08191126279863481,0.08571428571428572,0.017605633802816902,0.0,0.0,0.0,0.0,0.0,1.0,0.0,0.0,0.0,0.0,0.0,0.0,0.0,0.39600045680999757,0.8688799463447352
110,0.33641975308641975,0.5267857142857143,0.2286689419795222,0.3673469387755102,0.024647887323943664,0.0,1.0,0.0,0.0,0.0,0.0,0.0,0.0,0.0,0.0,0.0,0.0,0.0,0.4996493816375732,0.7219986586183769
145,0.2962962962962963,0.04464285714285714,0.16382252559726962,0.08571428571428572,0.0,0.0,0.0,0.0,0.0,0.0,1.0,0.0,0.0,0.0,0.0,0.0,0.0,0.0,0.5609037399291992,0.9289067739771966
38,0.7530864197530864,0.0,0.08191126279863481,0.11020408163265308,0.0,0.0,1.0,0.0,0.0,0.0,0.0,0.0,0.0,0.0,0.0,0.0,0.0,0.0,0.8046442985534668,0.9429912810194501
27,0.018518518518518517,0.39285714285714285,0.020477815699658702,0.17142857142857143,0.0,1.0,0.0,0.0,0.0,0.0,0.0,0.0,0.0,0.0,0.0,0.0,0.0,0.0,0.35254831314086915,0.6559356136820926
227,0.21296296296296297,0.03125,0.16382252559726962,0.05714285714285715,0.0,0.0,0.0,0.0,0.0,0.0,1.0,0.0,0.0,0.0,0.0,0.0,0.0,0.0,0.39121179580688475,0.39034205231388325
140,0.32098765432098764,0.0,0.3924914675767918,0.2693877551020408,0.0,0.0,0.0,0.0,0.0,0.0,1.0,0.0,0.0,0.0,0.0,0.0,0.0,0.0,0.4321153163909912,0.6167002012072433
121,0.40432098765432095,0.20982142857142855,0.2901023890784983,0.24081632653061227,0.035211267605633804,0.0,0.0,0.0,0.0,0.0,0.0,1.0,0.0,0.0,0.0,0.0,0.0,0.0,0.4139927864074707,0.6492287055667338
286,0.2006172839506173,0.03571428571428571,0.07167235494880546,0.08979591836734695,0.0,0.0,1.0,0.0,0.0,0.0,0.0,0.0,0.0,0.0,0.0,0.0,0.0,0.0,0.23856134414672853,0.14587525150905428
87,0.06790123456790123,0.32589285714285715,0.09215017064846416,0.37142857142857144,0.0,1.0,0.0,0.0,0.0,0.0,0.0,0.0,0.0,0.0,0.0,0.0,0.0,0.0,0.4606813907623291,0.9758551307847083
9,0.10185185185185185,0.5669642857142857,0.1945392491467577,0.33877551020408164,0.07042253521126761,0.0,0.0,1.0,0.0,0.0,0.0,0.0,0.0,0.0,0.0,0.0,0.0,0.0,0.23602511882781982,0.06472166331321261
6,0.021604938271604937,0.49107142857142855,0.05460750853242321,0.08571428571428572,0.0,1.0,0.0,0.0,0.0,0.0,0.0,0.0,0.0,0.0,0.0,0.0,0.0,0.0,0.3843688011169434,0.4272300469483568
198,0.35185185185185186,0.049107142857142856,0.15017064846416384,0.17142857142857143,0.0,0.0,1.0,0.0,0.0,0.0,0.0,0.0,0.0,0.0,0.0,0.0,0.0,0.0,0.5513278484344483,0.6931589537223339
202,0.3302469135802469,0.4151785714285714,0.3310580204778157,0.2122448979591837,0.0,0.0,0.0,0.0,0.0,0.0,0.0,0.0,0.0,0.0,0.0,1.0,0.0,0.0,0.48550124168395997,0.8615023474178405
204,0.06172839506172839,0.02232142857142857,0.3174061433447099,0.2979591836734694,0.0,0.0,1.0,0.0,0.0,0.0,0.0,0.0,0.0,0.0,0.0,0.0,0.0,0.0,0.3911153554916382,0.4413145539906103
287,0.3796296296296296,0.40625,0.09556313993174062,0.0,0.0,0.0,0.0,0.0,0.0,1.0,0.0,0.0,0.0,0.0,0.0,0.0,0.0,0.0,0.28406944274902346,0.3524480214621059
229,0.09876543209876543,0.12053571428571427,0.09897610921501707,0.2285714285714286,0.1056338028169014,0.0,0.0,0.0,0.0,0.0,0.0,0.0,0.0,0.0,1.0,0.0,0.0,0.0,0.35817651748657225,0.07545271629778671
149,0.0,0.9508928571428571,0.0,0.06122448979591837,0.0,0.0,1.0,0.0,0.0,0.0,0.0,0.0,0.0,0.0,0.0,0.0,0.0,0.0,0.352123498916626,0.22065727699530518
139,0.23148148148148145,0.0,0.3890784982935154,0.028571428571428574,0.035211267605633804,0.0,0.0,0.0,0.0,0.0,1.0,0.0,0.0,0.0,0.0,0.0,0.0,0.0,0.5534761428833008,0.11804158283031524
67,0.05555555555555555,0.8303571428571428,0.07167235494880546,0.06122448979591837,0.2112676056338028,0.0,0.0,0.0,0.0,0.0,0.0,1.0,0.0,0.0,0.0,0.0,0.0,0.0,0.36886651515960694,0.039235412474849074
3,0.46604938271604934,0.125,0.027303754266211604,0.15918367346938778,0.0,0.0,1.0,0.0,0.0,0.0,0.0,0.0,0.0,0.0,0.0,0.0,0.0,0.0,0.5056918144226075,0.7055667337357479
86,0.18209876543209874,0.25,0.34812286689419797,0.1142857142857143,0.0,0.0,0.0,0.0,0.0,0.0,0.0,0.0,0.0,0.0,0.0,1.0,0.0,0.0,0.5480329990386963,0.005030181086519092
177,0.09259259259259259,0.26339285714285715,0.034129692832764506,0.15918367346938778,0.0,0.0,1.0,0.0,0.0,0.0,0.0,0.0,0.0,0.0,0.0,0.0,0.0,0.0,0.48877744674682616,0.6217303822937625
217,0.4444444444444444,0.24107142857142855,0.32081911262798635,0.28571428571428575,0.12323943661971831,0.0,0.0,0.0,0.0,0.0,1.0,0.0,0.0,0.0,0.0,0.0,0.0,0.0,0.5202529430389404,0.013413816230717635
48,0.10802469135802469,0.20089285714285712,0.06825938566552901,0.27346938775510204,0.2112676056338028,0.0,0.0,0.0,0.0,0.0,0.0,1.0,0.0,0.0,0.0,0.0,0.0,0.0,0.2654928207397461,0.5251509054325956
117,0.07407407407407407,0.27678571428571425,0.5426621160409556,0.08571428571428572,0.12323943661971831,1.0,0.0,0.0,0.0,0.0,0.0,0.0,0.0,0.0,0.0,0.0,0.0,0.0,0.5950859069824219,0.8373574782025486
172,0.6049382716049383,0.04464285714285714,0.25938566552901027,0.15510204081632656,0.017605633802816902,0.0,0.0,0.0,0.0,0.0,0.0,0.0,0.0,0.0,0.0,1.0,0.0,0.0,0.5348217487335205,0.863514419852448
51,0.345679012345679,0.23214285714285712,0.17747440273037543,0.31428571428571433,0.0,0.0,0.0,0.0,0.0,1.0,0.0,0.0,0.0,0.0,0.0,0.0,0.0,0.0,0.2729044437408447,0.06472166331321261
1,0.07407407407407407,0.14285714285714285,0.06484641638225257,0.08571428571428572,0.1971830985915493,0.0,0.0,0.0,0.0,0.0,0.0,1.0,0.0,0.0,0.0,0.0,0.0,0.0,0.43584017753601073,0.4208584842387659
209,0.2067901234567901,0.39285714285714285,0.020477815699658702,0.0,0.0,0.0,1.0,0.0,0.0,0.0,0.0,0.0,0.0,0.0,0.0,0.0,0.0,0.0,0.359472918510437,0.4929577464788732
18,0.23148148148148145,0.19642857142857142,0.10238907849829351,0.08571428571428572,0.0,1.0,0.0,0.0,0.0,0.0,0.0,0.0,0.0,0.0,0.0,0.0,0.0,0.0,0.49000205993652346,0.2813547954393025
12,0.30246913580246915,0.08928571428571427,0.05460750853242321,0.2571428571428572,0.017605633802816902,1.0,0.0,0.0,0.0,0.0,0.0,0.0,0.0,0.0,0.0,0.0,0.0,0.0,0.15730462074279786,0.012407780013413805
49,0.38888888888888884,0.05803571428571428,0.20136518771331058,0.6244897959183674,0.1056338028169014,0.0,0.0,0.0,0.0,0.0,0.0,0.0,0.0,0.0,0.0,0.0,1.0,0.0,0.43492836952209474,0.4906103286384977
56,0.12654320987654322,0.18303571428571427,0.09215017064846416,0.05714285714285715,0.06690140845070423,0.0,0.0,0.0,0.0,0.0,0.0,1.0,0.0,0.0,0.0,0.0,0.0,0.0,0.37618916034698485,0.2585513078470825
212,0.14814814814814814,0.20982142857142855,0.09556313993174062,0.11020408163265308,0.12323943661971831,0.0,0.0,0.0,0.0,0.0,0.0,1.0,0.0,0.0,0.0,0.0,0.0,0.0,0.39095377922058105,0.10261569416498995
178,0.10802469135802469,0.21428571428571427,0.020477815699658702,0.05714285714285715,0.35211267605633806,1.0,0.0,0.0,0.0,0.0,0.0,0.0,0.0,0.0,0.0,0.0,0.0,0.0,0.432957124710083,0.699195171026157
25,0.15740740740740738,0.46875,0.0,0.4285714285714286,0.15845070422535212,0.0,0.0,0.0,0.0,0.0,0.0,1.0,0.0,0.0,0.0,0.0,0.0,0.0,0.38465290069580077,0.3179074446680081
183,0.15123456790123457,0.2232142857142857,0.2764505119453925,0.22448979591836737,0.04225352112676056,1.0,0.0,0.0,0.0,0.0,0.0,0.0,0.0,0.0,0.0,0.0,0.0,0.0,0.39036505222320556,0.2089201877934272
101,0.13580246913580246,0.14732142857142858,0.15017064846416384,0.06938775510204082,0.0,0.0,1.0,0.0,0.0,0.0,0.0,0.0,0.0,0.0,0.0,0.0,0.0,0.0,0.11733314990997315,0.03688799463447351
186,0.2037037037037037,0.11607142857142856,0.14334470989761092,0.05714285714285715,0.0,0.0,0.0,0.0,0.0,0.0,0.0,0.0,0.0,0.0,0.0,1.0,0.0,0.0,0.46220808029174804,0.32394366197183094
43,0.1388888888888889,0.42857142857142855,0.0,0.28571428571428575,0.07042253521126761,0.0,0.0,0.0,0.0,0.0,0.0,1.0,0.0,0.0,0.0,0.0,0.0,0.0,0.258652663230896,0.6408450704225352
129,0.3641975308641975,0.3214285714285714,0.051194539249146756,0.34285714285714286,0.0,0.0,0.0,0.0,0.0,0.0,0.0,0.0,0.0,0.0,0.0,1.0,0.0,0.0,0.4381361961364746,0.635814889336016
199,0.024691358024691357,0.40178571428571425,0.07508532423208192,0.37142857142857144,0.017605633802816902,0.0,0.0,0.0,0.0,0.0,0.0,1.0,0.0,0.0,0.0,0.0,0.0,0.0,0.4044069290161133,0.8380281690140845
182,0.043209876543209874,0.5267857142857143,0.04778156996587031,0.6326530612244898,0.0,0.0,0.0,0.0,0.0,0.0,0.0,0.0,0.0,0.0,0.0,0.0,1.0,0.0,0.37649829387664796,0.49161636485580146
203,0.45987654320987653,0.0,0.29692832764505117,0.2,0.0,0.0,0.0,0.0,0.0,0.0,1.0,0.0,0.0,0.0,0.0,0.0,0.0,0.0,0.6602598190307617,0.9416498993963782
103,0.35493827160493824,0.09375,0.013651877133105802,0.05714285714285715,0.0,0.0,0.0,0.0,0.0,0.0,1.0,0.0,0.0,0.0,0.0,0.0,0.0,0.0,0.4724109172821045,0.19081153588195837
14,0.08333333333333333,0.20089285714285712,0.06825938566552901,0.04081632653061225,0.3626760563380282,1.0,0.0,0.0,0.0,0.0,0.0,0.0,0.0,0.0,0.0,0.0,0.0,0.0,0.4946613311767578,0.7196512407780014
134,0.21604938271604937,0.09375,0.07167235494880546,0.0,0.0,0.0,1.0,0.0,0.0,0.0,0.0,0.0,0.0,0.0,0.0,0.0,0.0,0.0,0.24922046661376954,0.08920187793427231
268,0.1111111111111111,0.1875,0.23208191126279865,0.0,0.0,0.0,0.0,0.0,1.0,0.0,0.0,0.0,0.0,0.0,0.0,0.0,0.0,0.0,0.6476400375366211,0.6140174379610999
154,0.17901234567901234,0.27678571428571425,0.15699658703071673,0.20816326530612247,0.0,0.0,1.0,0.0,0.0,0.0,0.0,0.0,0.0,0.0,0.0,0.0,0.0,0.0,0.4972993850708008,0.5707578806170355
115,0.2716049382716049,0.3125,0.06484641638225257,0.1142857142857143,0.0,0.0,0.0,0.0,0.0,1.0,0.0,0.0,0.0,0.0,0.0,0.0,0.0,0.0,0.4478734016418457,0.46076458752515087
109,0.046296296296296294,0.08928571428571427,0.027303754266211604,0.34693877551020413,0.09507042253521127,0.0,0.0,0.0,0.0,0.0,0.0,1.0,0.0,0.0,0.0,0.0,0.0,0.0,0.31414906978607177,0.28169014084507044
70,1.0,0.30357142857142855,0.04778156996587031,0.0,0.0,0.0,0.0,0.0,0.0,0.0,0.0,1.0,0.0,0.0,0.0,0.0,0.0,0.0,0.42128963470458985,0.35211267605633806
259,0.3487654320987654,0.0,0.18430034129692832,0.06938775510204082,0.0,0.0,0.0,0.0,0.0,0.0,1.0,0.0,0.0,0.0,0.0,0.0,0.0,0.0,0.4210044384002686,0.6093226022803488
158,0.16666666666666666,0.049107142857142856,0.10238907849829351,0.3755102040816327,0.40492957746478875,0.0,0.0,0.0,0.0,0.0,0.0,0.0,1.0,0.0,0.0,0.0,0.0,0.0,0.700700044631958,0.09121395036887991
236,0.7777777777777777,0.12053571428571427,0.09556313993174062,0.0,0.0,0.0,0.0,0.0,0.0,0.0,1.0,0.0,0.0,0.0,0.0,0.0,0.0,0.0,0.5790542602539063,0.19953051643192493
155,0.24691358024691357,0.6026785714285714,0.06825938566552901,0.05714285714285715,0.035211267605633804,0.0,1.0,0.0,0.0,0.0,0.0,0.0,0.0,0.0,0.0,0.0,0.0,0.0,0.3722229957580566,0.31220657276995306
235,0.0,0.10267857142857142,0.10238907849829351,0.44897959183673475,0.31338028169014087,1.0,0.0,0.0,0.0,0.0,0.0,0.0,0.0,0.0,0.0,0.0,0.0,0.0,0.4999500274658203,0.3242790073775989
15,0.1111111111111111,0.1294642857142857,0.09897610921501707,0.05714285714285715,0.1795774647887324,0.0,0.0,0.0,0.0,1.0,0.0,0.0,0.0,0.0,0.0,0.0,0.0,0.0,0.3139530897140503,0.3158953722334004
228,0.39814814814814814,0.42857142857142855,0.07167235494880546,0.4285714285714286,0.17605633802816903,0.0,0.0,0.0,0.0,0.0,0.0,0.0,1.0,0.0,0.0,0.0,0.0,0.0,0.40505380630493165,0.42287055667337353
146,0.05246913580246913,0.5580357142857143,0.0,0.37959183673469393,0.0,1.0,0.0,0.0,0.0,0.0,0.0,0.0,0.0,0.0,0.0,0.0,0.0,0.0,0.30854809284210205,0.2984574111334674
205,0.012345679012345678,0.5,0.0,0.0,0.14084507042253522,0.0,0.0,0.0,0.0,0.0,1.0,0.0,0.0,0.0,0.0,0.0,0.0,0.0,0.44249587059020995,0.027498323272971137
22,0.2716049382716049,0.02232142857142857,0.19795221843003413,0.04081632653061225,0.0,0.0,0.0,0.0,0.0,0.0,1.0,0.0,0.0,0.0,0.0,0.0,0.0,0.0,0.4038555145263672,0.004024144869215263
138,0.043209876543209874,0.1607142857142857,0.4709897610921502,0.0,0.22183098591549297,0.0,0.0,0.0,0.0,0.0,0.0,1.0,0.0,0.0,0.0,0.0,0.0,0.0,0.17551220655441285,0.22434607645875254
58,0.1450617283950617,0.040178571428571425,0.1945392491467577,0.12653061224489798,0.035211267605633804,0.0,0.0,0.0,0.0,0.0,1.0,0.0,0.0,0.0,0.0,0.0,0.0,0.0,0.2891343116760254,0.2934272300469483
162,0.22530864197530864,0.14285714285714285,0.2696245733788396,0.08979591836734695,0.017605633802816902,0.0,0.0,0.0,0.0,0.0,1.0,0.0,0.0,0.0,0.0,0.0,0.0,0.0,0.6247707843780518,0.8155600268276324
75,0.25925925925925924,0.1919642857142857,0.06484641638225257,0.2653061224489796,0.0528169014084507,0.0,0.0,0.0,0.0,0.0,0.0,0.0,1.0,0.0,0.0,0.0,0.0,0.0,0.3113775014877319,0.511737089201878
64,0.6203703703703703,0.0,0.12286689419795221,0.3102040816326531,0.0,0.0,1.0,0.0,0.0,0.0,0.0,0.0,0.0,0.0,0.0,0.0,0.0,0.0,0.3231071949005127,0.44433266264252175
69,0.10802469135802469,0.03125,0.1945392491467577,0.0979591836734694,0.07042253521126761,1.0,0.0,0.0,0.0,0.0,0.0,0.0,0.0,0.0,0.0,0.0,0.0,0.0,0.5076505661010742,0.5774647887323943
283,0.05555555555555555,0.09375,0.10238907849829351,0.28571428571428575,0.0,1.0,0.0,0.0,0.0,0.0,0.0,0.0,0.0,0.0,0.0,0.0,0.0,0.0,0.22772762775421143,0.4399731723675386
131,0.14814814814814814,0.49107142857142855,0.16040955631399317,0.2,0.0,0.0,0.0,0.0,0.0,0.0,0.0,1.0,0.0,0.0,0.0,0.0,0.0,0.0,0.5133039951324463,0.04393024815560026
168,0.3117283950617284,0.125,0.3890784982935154,0.526530612244898,0.0,0.0,1.0,0.0,0.0,0.0,0.0,0.0,0.0,0.0,0.0,0.0,0.0,0.0,0.3414255142211914,0.5905432595573441
76,0.10493827160493827,0.15178571428571427,0.0,0.489795918367347,0.2605633802816901,0.0,0.0,0.0,0.0,0.0,0.0,1.0,0.0,0.0,0.0,0.0,0.0,0.0,0.4455754280090332,0.9460093896713615
118,0.25925925925925924,0.1607142857142857,0.16723549488054607,0.12653061224489798,0.0,0.0,0.0,0.0,0.0,0.0,1.0,0.0,0.0,0.0,0.0,0.0,0.0,0.0,0.817143440246582,0.8675385647216634
213,0.13271604938271603,0.0,0.2627986348122867,0.1469387755102041,0.0,0.0,1.0,0.0,0.0,0.0,0.0,0.0,0.0,0.0,0.0,0.0,0.0,0.0,0.4117910861968994,0.026492287055667307
180,0.2345679012345679,0.33035714285714285,0.27986348122866894,0.14285714285714288,0.07042253521126761,0.0,0.0,0.0,0.0,0.0,0.0,0.0,1.0,0.0,0.0,0.0,0.0,0.0,0.22275807857513427,0.7699530516431925
99,0.31481481481481477,0.28125,0.020477815699658702,0.1142857142857143,0.0,0.0,1.0,0.0,0.0,0.0,0.0,0.0,0.0,0.0,0.0,0.0,0.0,0.0,0.4604909896850586,0.4688128772635815
135,0.16666666666666666,0.5,0.36860068259385664,0.1836734693877551,0.0,0.0,0.0,0.0,0.0,1.0,0.0,0.0,0.0,0.0,0.0,0.0,0.0,0.0,0.47504196166992185,0.9242119382964453
176,0.1419753086419753,0.0,0.27303754266211605,0.05714285714285715,0.0,0.0,0.0,0.0,1.0,0.0,0.0,0.0,0.0,0.0,0.0,0.0,0.0,0.0,0.4359499454498291,0.6472166331321261
275,0.09876543209876543,0.18303571428571427,0.17747440273037543,0.34693877551020413,0.18309859154929578,0.0,0.0,0.0,0.0,0.0,0.0,1.0,0.0,0.0,0.0,0.0,0.0,0.0,0.39428751468658446,0.08752515090543261
84,0.05555555555555555,0.3794642857142857,0.051194539249146756,0.6122448979591837,0.31690140845070425,0.0,0.0,0.0,0.0,0.0,0.0,1.0,0.0,0.0,0.0,0.0,0.0,0.0,0.24803714752197265,0.4208584842387659
39,0.05864197530864197,0.30803571428571425,0.013651877133105802,0.08979591836734695,0.0,0.0,1.0,0.0,0.0,0.0,0.0,0.0,0.0,0.0,0.0,0.0,0.0,0.0,0.0,0.16364855801475514
2,0.10185185185185185,0.1875,0.21160409556313994,0.44489795918367353,0.22183098591549297,0.0,0.0,0.0,0.0,0.0,0.0,1.0,0.0,0.0,0.0,0.0,0.0,0.0,0.0,0.40442655935613686
68,0.15123456790123457,0.0625,0.11262798634812286,0.2,0.035211267605633804,0.0,1.0,0.0,0.0,0.0,0.0,0.0,0.0,0.0,0.0,0.0,0.0,0.0,0.0,0.5197853789403084
208,0.5740740740740741,0.17857142857142855,0.06484641638225257,0.04081632653061225,0.0,0.0,1.0,0.0,0.0,0.0,0.0,0.0,0.0,0.0,0.0,0.0,0.0,0.0,0.0,0.08685446009389669
278,0.25308641975308643,0.3571428571428571,0.17064846416382254,0.05714285714285715,0.0,0.0,1.0,0.0,0.0,0.0,0.0,0.0,0.0,0.0,0.0,0.0,0.0,0.0,0.0,0.18511066398390347
253,0.49691358024691357,0.40625,0.0,0.04081632653061225,0.0,0.0,0.0,0.0,0.0,1.0,0.0,0.0,0.0,0.0,0.0,0.0,0.0,0.0,0.0,0.09490274983232727
111,0.06790123456790123,0.0,0.23208191126279865,0.19183673469387758,0.0,0.0,1.0,0.0,0.0,0.0,0.0,0.0,0.0,0.0,0.0,0.0,0.0,0.0,0.0,0.35546613011401745
224,0.0,0.29910714285714285,0.0,0.7142857142857143,0.35563380281690143,0.0,0.0,0.0,0.0,0.0,0.0,1.0,0.0,0.0,0.0,0.0,0.0,0.0,0.0,0.9631120053655264
32,0.13271604938271603,0.33482142857142855,0.05460750853242321,0.326530612244898,0.07042253521126761,0.0,0.0,0.0,0.0,0.0,0.0,0.0,0.0,0.0,0.0,1.0,0.0,0.0,0.0,0.012407780013413805
73,0.08333333333333333,0.59375,0.17406143344709898,0.13877551020408163,0.31338028169014087,0.0,0.0,0.0,0.0,0.0,0.0,1.0,0.0,0.0,0.0,0.0,0.0,0.0,0.0,0.5194500335345407
47,0.009259259259259259,0.5,0.0,0.43673469387755104,0.07042253521126761,0.0,0.0,0.0,0.0,0.0,1.0,0.0,0.0,0.0,0.0,0.0,0.0,0.0,0.0,0.6498993963782698
126,0.2716049382716049,0.17857142857142855,0.013651877133105802,0.12244897959183675,0.024647887323943664,0.0,0.0,0.0,0.0,1.0,0.0,0.0,0.0,0.0,0.0,0.0,0.0,0.0,0.0,0.21931589537223334
113,0.22839506172839505,0.34375,0.20819112627986347,0.028571428571428574,0.0,0.0,0.0,0.0,0.0,0.0,0.0,0.0,0.0,0.0,0.0,1.0,0.0,0.0,0.0,0.6525821596244132
96,0.32407407407407407,0.10267857142857142,0.15358361774744028,0.31836734693877555,0.12323943661971831,0.0,0.0,0.0,0.0,0.0,0.0,0.0,0.0,0.0,0.0,0.0,0.0,1.0,0.0,0.3034875922199866
225,0.1111111111111111,0.24553571428571427,0.05460750853242321,0.2979591836734694,0.035211267605633804,1.0,0.0,0.0,0.0,0.0,0.0,0.0,0.0,0.0,0.0,0.0,0.0,0.0,0.0,0.4704896042924212
214,0.05555555555555555,1.0,0.11262798634812286,0.2122448979591837,0.0,0.0,0.0,0.0,0.0,0.0,0.0,0.0,0.0,0.0,0.0,1.0,0.0,0.0,0.0,0.9272300469483568
57,0.3302469135802469,0.0625,0.29692832764505117,0.0,0.0,0.0,0.0,0.0,0.0,0.0,1.0,0.0,0.0,0.0,0.0,0.0,0.0,0.0,0.0,0.7873910127431254
123,0.08950617283950617,0.16517857142857142,0.13651877133105803,0.1469387755102041,0.12323943661971831,0.0,0.0,0.0,0.0,0.0,0.0,0.0,1.0,0.0,0.0,0.0,0.0,0.0,0.0,0.14621059691482224
106,0.5802469135802468,0.24553571428571427,0.10921501706484642,0.05714285714285715,0.035211267605633804,0.0,0.0,0.0,0.0,0.0,1.0,0.0,0.0,0.0,0.0,0.0,0.0,0.0,0.0,0.5405767940979209
83,0.48148148148148145,0.09375,0.0,0.11836734693877551,0.035211267605633804,0.0,1.0,0.0,0.0,0.0,0.0,0.0,0.0,0.0,0.0,0.0,0.0,0.0,0.0,0.6254191817572099
17,0.06481481481481481,0.5,0.010238907849829351,0.2,0.0528169014084507,1.0,0.0,0.0,0.0,0.0,0.0,0.0,0.0,0.0,0.0,0.0,0.0,0.0,0.0,0.2686116700201207
230,0.35802469135802467,0.03571428571428571,0.18771331058020477,0.08571428571428572,0.0,0.0,1.0,0.0,0.0,0.0,0.0,0.0,0.0,0.0,0.0,0.0,0.0,0.0,0.0,0.24010731052984574
98,0.13580246913580246,0.26785714285714285,0.051194539249146756,0.2,0.08802816901408451,0.0,0.0,0.0,0.0,0.0,0.0,0.0,1.0,0.0,0.0,0.0,0.0,0.0,0.0,0.4346076458752515
