Ind,ProjectID,SWE,AFP,EI,EO,EQ,ILF,EIF,NPDR,IS_Banking,IS_Communication,IS_Construction,IS_ElectronicsComputers,IS_Financial,IS_Government,IS_Insurance,IS_Manufacturing,IS_Medical,IS_ProfessionalServices,IS_ServiceIndustry,IS_Utilities,IS_WholesaleRetail,RS_M1,RS_M2
240,0.819479541,0.814553991,0.315384615,0.074074074,0.53125,0.051194539,0.057142857,0,0.610344828,0,1,0,0,0,0,0,0,0,0,0,0,0,1,0
247,0.838010374,0.147887324,0.692307692,0.182098765,0.28125,0.044368601,0.604081633,0.091549296,0.072413793,0,0,0,0,0,0,1,0,0,0,0,0,0,0,1
147,0.521523252,0.032193159,0.846153846,0.5,0.09375,0.33447099,0.395918367,0.017605634,0.020689655,0,0,0,1,0,0,0,0,0,0,0,0,0,0,1
239,0.817883584,0.78537894,0.834615385,0.367283951,0,0.491467577,0.33877551,0,0.24137931,0,0,0,0,0,1,0,0,0,0,0,0,0,0,1
273,0.939442302,0.079141516,0.223076923,0.12654321,0.245535714,0.19112628,0.142857143,0,0.148275862,0,0,0,0,0,1,0,0,0,0,0,0,0,1,0
53,0.164472226,0.303822938,0.103846154,0.064814815,0.169642857,0.133105802,0.028571429,0.144366197,0.475862069,0,1,0,0,0,0,0,0,0,0,0,0,0,1,0
143,0.510528882,0.273641851,0.65,0.166666667,0.3125,0.09556314,0.2,0.341549296,0.120689655,0,0,0,0,0,0,0,0,0,0,0,0,1,1,0
82,0.274814913,0.267605634,0.403846154,0.175925926,0.397321429,0.098976109,0.13877551,0.088028169,0.182758621,0,0,0,0,1,0,0,0,0,0,0,0,0,1,0
270,0.937669016,0.894030852,0.461538462,0.145061728,0.116071429,0.273037543,0.342857143,0,0.448275862,0,0,0,0,0,0,1,0,0,0,0,0,0,1,0
80,0.271667332,0.515090543,0.903846154,0.299382716,0.357142857,0.092150171,1,0,0.1,0,0,0,0,0,0,1,0,0,0,0,0,0,0,1
105,0.369863014,0.038564722,0.388461538,0.046296296,0.084821429,0.088737201,0.4,0.253521127,0.082758621,0,1,0,0,0,0,0,0,0,0,0,0,0,1,0
254,0.85827016,0.331991952,0.626923077,0.182098765,0.15625,0.020477816,0.742857143,0.035211268,0.148275862,0,0,1,0,0,0,0,0,0,0,0,0,0,1,0
102,0.34592366,0.588866533,0.365384615,0.339506173,0.111607143,0.020477816,0.2,0.017605634,0.482758621,1,0,0,0,0,0,0,0,0,0,0,0,0,1,0
216,0.751474044,0.595238095,0.457692308,0.240740741,0.450892857,0.081911263,0.142857143,0.070422535,0.286206897,0,0,0,0,0,0,1,0,0,0,0,0,0,1,0
37,0.10063395,0.214956405,0.465384615,0.086419753,0.410714286,0.194539249,0,0.105633803,0.193103448,0,0,0,0,0,0,1,0,0,0,0,0,0,1,0
34,0.084319723,0.042924212,0.284615385,0.064814815,0.745535714,0.010238908,0.040816327,0,0.15862069,0,1,0,0,0,0,0,0,0,0,0,0,0,1,0
55,0.166688833,0.014419852,0.080769231,0.203703704,0.133928571,0.054607509,0.146938776,0.035211268,0.151724138,1,0,0,0,0,0,0,0,0,0,0,0,0,1,0
200,0.70346234,0.505030181,0.403846154,0.169753086,0.258928571,0.187713311,0.248979592,0.017605634,0.286206897,0,0,0,0,0,1,0,0,0,0,0,0,0,1,0
226,0.788668706,0.648558015,0.846153846,0.200617284,0.1875,0,0.428571429,0.482394366,0.2,0,0,0,0,0,0,0,0,0,0,1,0,0,0,1
95,0.311787915,0.896042924,0.776923077,0.478395062,0.03125,0.385665529,0.208163265,0.017605634,0.293103448,0,0,0,0,0,1,0,0,0,0,0,0,0,0,1
181,0.642860309,0.478537894,0.326923077,0.012345679,0.040178571,0.14334471,0.2,0.387323944,0.34137931,0,0,0,0,0,0,0,0,0,0,1,0,0,1,0
151,0.535266214,0.870556673,0.096153846,0.219135802,0.049107143,0.109215017,0.057142857,0,1,0,0,0,0,0,1,0,0,0,0,0,0,0,1,0
175,0.621181895,0.61602951,0.142307692,0.388888889,0,0.129692833,0,0,0.648275862,0,1,0,0,0,0,0,0,0,0,0,0,0,1,0
28,0.058651416,0.195506372,0.246153846,0.148148148,0.254464286,0.081911263,0.269387755,0,0.2,0,0,0,0,1,0,0,0,0,0,0,0,0,1,0
79,0.270248703,0.603286385,0.657692308,0.293209877,0.366071429,0.092150171,0.310204082,0,0.25862069,0,0,0,0,0,1,0,0,0,0,0,0,0,1,0
185,0.663253092,0,1,0.37037037,0.419642857,0.262798635,0.257142857,0.035211268,0.013793103,0,0,0,0,0,1,0,0,0,0,0,0,0,0,1
90,0.304340116,0.106304494,0.388461538,0.398148148,0.169642857,0.156996587,0.232653061,0,0.120689655,0,1,0,0,0,0,0,0,0,0,0,0,0,1,0
33,0.082723766,0.145539906,0.496153846,0.385802469,0.424107143,0,0.114285714,0.10915493,0.089655172,0,0,0,0,1,0,0,0,0,0,0,0,0,1,0
66,0.217227468,0.175720993,0.588461538,0,0.901785714,0,0.028571429,0.193661972,0.113793103,0,0,0,0,0,0,1,0,0,0,0,0,0,1,0
194,0.688877067,0.038229376,0.388461538,0.166666667,0.4375,0.156996587,0.167346939,0,0.082758621,0,0,0,0,0,1,0,0,0,0,0,0,0,1,0
160,0.55654564,0.143527834,0.342307692,0.160493827,0.15625,0,0.228571429,0.264084507,0.144827586,0,0,0,1,0,0,0,0,0,0,0,0,0,1,0
94,0.310768276,0.614352783,0.319230769,0.339506173,0.116071429,0.163822526,0.114285714,0,0.379310345,0,0,0,0,0,0,0,0,0,0,1,0,0,1,0
252,0.857161857,0.141851107,0.646153846,0.462962963,0.03125,0.450511945,0,0,0.082758621,0,0,0,0,0,1,0,0,0,0,0,0,0,1,0
4,0.004699206,0.623742455,0.626923077,0.287037037,0,0.662116041,0.081632653,0,0.3,0,1,0,0,0,0,0,0,0,0,0,0,0,0,1
161,0.560624196,0.139503689,0.480769231,0.197530864,0.254464286,0.293515358,0.171428571,0.017605634,0.106896552,0,0,0,0,0,1,0,0,0,0,0,0,0,1,0
193,0.682360243,0.807847082,0.442307692,0.37962963,0.044642857,0.136518771,0.465306122,0,0.365517241,0,1,0,0,0,0,0,0,0,0,0,0,0,1,0
207,0.723456133,0.072434608,0.411538462,0.135802469,0.352678571,0.116040956,0.32244898,0,0.093103448,0,0,0,0,0,0,0,1,0,0,0,0,0,1,0
232,0.802677661,0.248490946,0.323076923,0.293209877,0.111607143,0.116040956,0.163265306,0,0.231034483,0,0,0,0,0,1,0,0,0,0,0,0,0,1,0
206,0.72110653,0.441314554,0.888461538,0.166666667,0.316964286,0.419795222,0.457142857,0,0.131034483,0,0,0,1,0,0,0,0,0,0,0,0,0,0,1
85,0.279070798,0.28101945,0.065384615,0.074074074,0,0.208191126,0.069387755,0.088028169,0.431034483,0,0,0,0,0,0,0,0,0,0,1,0,0,1,0
78,0.269894046,0.403420523,0.319230769,0.018518519,0.205357143,0.5221843,0.028571429,0,0.275862069,0,0,0,0,0,1,0,0,0,0,0,0,0,1,0
107,0.380015073,0.176727029,0.423076923,0.12037037,0.3125,0.061433447,0.253061224,0.193661972,0.131034483,1,0,0,0,0,0,0,0,0,0,0,0,0,1,0
122,0.457507647,0.504694836,0.519230769,0.262345679,0.075892857,0.088737201,0.542857143,0,0.317241379,0,1,0,0,0,0,0,0,0,0,0,0,0,1,0
188,0.671011216,0.017437961,0.011538462,0.172839506,0,0.092150171,0.155102041,0.024647887,0.282758621,0,1,0,0,0,0,0,0,0,0,0,0,0,1,0
220,0.780910582,0.80952381,0.576923077,0.021604938,0.040178571,0.726962457,0.183673469,0.017605634,0.334482759,0,0,0,0,0,0,1,0,0,0,0,0,0,1,0
23,0.050760296,0.112676056,0.434615385,0.172839506,0.205357143,0.054607509,0.220408163,0.246478873,0.120689655,0,0,0,0,0,0,1,0,0,0,0,0,0,1,0
210,0.724786097,0.839704896,0.2,0.138888889,0.174107143,0.129692833,0.171428571,0.017605634,0.731034483,1,0,0,0,0,0,0,0,0,0,0,0,0,1,0
223,0.785166467,0.881287726,0.392307692,0,0.383928571,0,0.204081633,0.457746479,0.382758621,0,0,0,0,1,0,0,0,0,0,0,0,0,1,0
137,0.492530035,0.36351442,0.080769231,0.074074074,0.129464286,0.126279863,0.244897959,0,0.406896552,0,0,0,0,0,0,1,0,0,0,0,0,0,1,0
132,0.47976238,0.089201878,0.926923077,0.101851852,0.196428571,1,0,0,0.037931034,1,0,0,0,0,0,0,0,0,0,0,0,0,0,1
10,0.023274372,0.358819584,0.461538462,0.481481481,0.0625,0.245733788,0.028571429,0,0.203448276,0,0,0,0,0,1,0,0,0,0,0,0,0,1,0
250,0.849270736,0.236083166,0.942307692,0.061728395,0.089285714,0.313993174,0.820408163,0.144366197,0.065517241,1,0,0,0,0,0,0,0,0,0,0,0,0,0,1
92,0.305803077,0.026827632,0.446153846,0.419753086,0.142857143,0.122866894,0,0,0.120689655,0,0,0,0,0,1,0,0,0,0,0,0,0,1,0
26,0.055104846,0.205231388,0.876923077,0.351851852,0.709821429,0.300341297,0.142857143,0.176056338,0.031034483,0,0,0,0,0,1,0,0,0,0,0,0,0,0,1
11,0.025269318,0.742454728,0.180769231,0.040123457,0.241071429,0.184300341,0.163265306,0.024647887,0.582758621,0,0,0,0,1,0,0,0,0,0,0,0,0,1,0
166,0.595690916,0.288397049,0.403846154,0.080246914,0.5,0.092150171,0.204081633,0,0.217241379,0,1,0,0,0,0,0,0,0,0,0,0,0,1,0
62,0.199804939,0.894701543,0.8,0.5,0.022321429,0.28668942,0.183673469,0.017605634,0.420689655,0,1,0,0,0,0,0,0,0,0,0,0,0,0,1
81,0.274016935,0.323943662,0.492307692,0.101851852,0.178571429,0.040955631,0.444897959,0.221830986,0.2,0,0,0,0,0,0,1,0,0,0,0,0,0,1,0
274,0.942900208,0.733735748,0.965384615,0.206790123,0.459821429,0.262798635,0.4,0.070422535,0.275862069,0,1,0,0,0,0,0,0,0,0,0,0,0,0,1
54,0.166201179,0.763246144,0.911538462,0.432098765,0.808035714,0.153583618,0,0,0.217241379,0,0,0,0,1,0,0,0,0,0,0,0,0,0,1
124,0.458438622,0.411133467,0.846153846,0.5,0.107142857,0.061433447,0.457142857,0.105633803,0.131034483,0,0,0,0,0,0,0,1,0,0,0,0,0,0,1
91,0.305714412,0.44600939,0.761538462,0.327160494,0.4375,0.163822526,0.220408163,0.073943662,0.155172414,0,0,0,0,1,0,0,0,0,0,0,0,0,0,1
125,0.459325265,0.464788732,0.384615385,0.271604938,0.022321429,0,0.069387755,0.461267606,0.310344828,1,0,0,0,0,0,0,0,0,0,0,0,0,1,0
35,0.085516691,0.207914152,0.126923077,0.197530864,0.160714286,0.030716724,0.114285714,0.070422535,0.282758621,0,0,0,0,0,0,0,1,0,0,0,0,0,1,0
281,0.96369198,0.771294433,0.176923077,0.200617284,0.138392857,0.075085324,0.155102041,0,0.810344828,0,1,0,0,0,0,0,0,0,0,0,0,0,1,0
169,0.601188101,0.252850436,0.361538462,0.354938272,0.267857143,0.013651877,0.06122449,0,0.279310345,0,1,0,0,0,0,0,0,0,0,0,0,0,1,0
174,0.618078645,0.133467471,0.157692308,0.231481481,0.053571429,0.078498294,0.159183673,0,0.251724138,0,0,0,0,0,0,0,0,0,0,0,1,0,1,0
280,0.962362016,0.419517103,0.35,0.12654321,0.254464286,0,0.404081633,0.088028169,0.265517241,0,0,0,0,0,0,0,1,0,0,0,0,0,1,0
266,0.928536596,0.231052985,0.296153846,0.271604938,0.102678571,0.105802048,0.142857143,0,0.324137931,0,1,0,0,0,0,0,0,0,0,0,0,0,1,0
222,0.784944806,0.011066398,0.557692308,0.216049383,0.549107143,0.194539249,0.114285714,0.105633803,0.027586207,0,0,0,0,0,0,0,1,0,0,0,0,0,0,1
50,0.144168107,0.233400402,0.276923077,0.25,0.214285714,0.020477816,0.2,0,0.237931034,0,1,0,0,0,0,0,0,0,0,0,0,0,1,0
97,0.317152104,0.605969148,0.488461538,0.212962963,0.883928571,0,0,0.017605634,0.268965517,0,0,0,0,0,0,1,0,0,0,0,0,0,1,0
170,0.601853083,0.126760563,0.353846154,0.095679012,0.59375,0,0.183673469,0.017605634,0.189655172,0,1,0,0,0,0,0,0,0,0,0,0,0,1,0
285,0.986079709,0.483903421,0.284615385,0.030864198,0.191964286,0.153583618,0.32244898,0.091549296,0.334482759,0,0,0,0,0,0,1,0,0,0,0,0,0,1,0
196,0.691138006,0.319919517,0.019230769,0.225308642,0,0.075085324,0.057142857,0,0.693103448,0,1,0,0,0,0,0,0,0,0,0,0,0,1,0
150,0.531010329,0.311871227,0,0.101851852,0,0.133105802,0.097959184,0.088028169,0.572413793,1,0,0,0,0,0,0,0,0,0,0,0,0,1,0
218,0.771778162,0.923205902,0.353846154,0.049382716,0.0625,0.010238908,0.608163265,0.059859155,0.568965517,0,0,0,0,0,0,0,0,0,1,0,0,0,1,0
13,0.030855167,0.804158283,0.446153846,0.324074074,0.125,0.061433447,0.236734694,0,0.479310345,0,0,0,0,0,0,1,0,0,0,0,0,0,1,0
233,0.803032318,0.772300469,0.073076923,0.037037037,0.21875,0.122866894,0.114285714,0.052816901,0.917241379,0,1,0,0,0,0,0,0,0,0,0,0,0,1,0
282,0.967149887,0.570422535,0.184615385,0.074074074,0.352678571,0.020477816,0.171428571,0.211267606,0.35862069,0,0,0,0,0,0,1,0,0,0,0,0,0,1,0
256,0.878707275,0.024144869,0.715384615,0.37037037,0.040178571,0.467576792,0.2,0,0.027586207,0,0,0,0,0,0,0,0,0,0,0,1,0,0,1
148,0.526577116,0.421529175,0.961538462,0.490740741,0.129464286,0.194539249,0.485714286,0.052816901,0.113793103,0,0,0,0,0,1,0,0,0,0,0,0,0,0,1
171,0.606241965,0.128101945,0.026923077,0.314814815,0,0.054607509,0,0,0.337931034,0,1,0,0,0,0,0,0,0,0,0,0,0,1,0
159,0.554905351,0.558685446,0.969230769,0.234567901,0.245535714,0.129692833,0.555102041,0.267605634,0.168965517,0,0,0,0,0,0,0,1,0,0,0,0,0,0,1
231,0.801126036,0.038564722,0.088461538,0.12962963,0.25,0.030716724,0.142857143,0.035211268,0.2,0,0,0,0,0,0,0,0,1,0,0,0,0,1,0
8,0.018575165,0.505030181,0.269230769,0,0.513392857,0.194539249,0,0.147887324,0.386206897,1,0,0,0,0,0,0,0,0,0,0,0,0,1,0
77,0.266613468,0.798792757,0.219230769,0.308641975,0.053571429,0.054607509,0.089795918,0.017605634,0.755172414,0,0,0,0,0,1,0,0,0,0,0,0,0,1,0
248,0.847630447,0.060697518,0.465384615,0.209876543,0.111607143,0.064846416,0.4,0.14084507,0.079310345,0,0,0,0,0,0,0,1,0,0,0,0,0,1,0
167,0.597153877,0.252850436,0.076923077,0.009259259,0.254464286,0,0.028571429,0.253521127,0.365517241,0,0,0,0,0,1,0,0,0,0,0,0,0,1,0
191,0.6802323,0.037558685,0.057692308,0.141975309,0.120535714,0.167235495,0.089795918,0,0.196551724,0,0,0,0,0,1,0,0,0,0,0,0,0,1,0
119,0.450325841,0.623742455,0.711538462,0.432098765,0.299107143,0,0.257142857,0.123239437,0.310344828,0,0,0,0,0,0,0,0,0,0,1,0,0,0,1
264,0.922950747,0.262240107,0.1,0.231481481,0.125,0.034129693,0.118367347,0,0.45862069,0,1,0,0,0,0,0,0,0,0,0,0,0,1,0
63,0.204681474,0.197518444,0.807692308,0.37037037,0.754464286,0.122866894,0.228571429,0,0.051724138,1,0,0,0,0,0,0,0,0,0,0,0,0,0,1
108,0.418052046,0.964453387,0.269230769,0.351851852,0.089285714,0.061433447,0.057142857,0,0.810344828,0,0,0,0,0,1,0,0,0,0,0,0,0,1,0
141,0.502504766,0.250838364,0.092307692,0.12654321,0,0.262798635,0.142857143,0,0.320689655,0,0,0,0,0,1,0,0,0,0,0,0,0,1,0
88,0.294587046,0.603286385,0.534615385,0.234567901,0.428571429,0.153583618,0.167346939,0.035211268,0.272413793,0,0,0,0,0,1,0,0,0,0,0,0,0,1,0
249,0.848650086,0.626425218,0.607692308,0.419753086,0.232142857,0.150170648,0.028571429,0,0.372413793,0,0,0,0,0,1,0,0,0,0,0,0,0,1,0
211,0.726470719,0.704225352,0.596153846,0.305555556,0.5,0.088737201,0.114285714,0,0.317241379,0,1,0,0,0,0,0,0,0,0,0,0,0,1,0
44,0.126124928,0.300469484,0.746153846,0.259259259,0.459821429,0.283276451,0.155102041,0.052816901,0.131034483,0,0,0,0,0,0,1,0,0,0,0,0,0,0,1
243,0.831449218,0.172032193,0.561538462,0.095679012,0.401785714,0.054607509,0.306122449,0.271126761,0.093103448,0,0,0,0,0,0,1,0,0,0,0,0,0,1,0
189,0.672208184,0.083165661,0.011538462,0.092592593,0.223214286,0.075085324,0.097959184,0,0.351724138,0,1,0,0,0,0,0,0,0,0,0,0,0,1,0
65,0.212040608,0.183098592,0.819230769,0.191358025,0.214285714,0.027303754,0.571428571,0.295774648,0.079310345,0,0,0,0,0,0,1,0,0,0,0,0,0,0,1
60,0.189830208,0.469148223,0.688461538,0.472222222,0.370535714,0,0.457142857,0.035211268,0.14137931,0,0,0,0,0,0,0,1,0,0,0,0,0,0,1
93,0.310280622,0.076458753,0.380769231,0.175925926,0.308035714,0.300341297,0.057142857,0,0.117241379,0,0,0,0,0,0,1,0,0,0,0,0,0,1,0
261,0.906902514,0.436619718,0.834615385,0.478395062,0.200892857,0.225255973,0.089795918,0,0.217241379,0,0,0,0,0,1,0,0,0,0,0,0,0,1,0
238,0.817484595,0.034875922,0.776923077,0.259259259,0,0.040955631,0,1,0.010344828,0,0,0,0,0,1,0,0,0,0,0,0,0,0,1
267,0.934255442,0.285043595,0.065384615,0.141975309,0,0.170648464,0.167346939,0,0.496551724,0,1,0,0,0,0,0,0,0,0,0,0,0,1,0
279,0.960455734,0.327967807,0.015384615,0.12037037,0,0.139931741,0.097959184,0.070422535,0.572413793,1,0,0,0,0,0,0,0,0,0,0,0,0,1,0
157,0.548920512,0.3722334,0.565384615,0.277777778,0.535714286,0.116040956,0.057142857,0,0.196551724,0,1,0,0,0,0,0,0,0,0,0,0,0,1,0
163,0.575298134,0.132796781,0.369230769,0.077160494,0.017857143,0.249146758,0.281632653,0.137323944,0.2,0,1,0,0,0,0,0,0,0,0,0,0,0,1,0
0,0,0.248826291,0.173076923,0.166666667,0.366071429,0.064846416,0.057142857,0.017605634,0.348275862,1,0,0,0,0,0,0,0,0,0,0,0,0,1,0
45,0.128962185,0.358148893,0.042307692,0.064814815,0.330357143,0.081911263,0.085714286,0,0.437931034,0,0,0,0,0,0,1,0,0,0,0,0,0,1,0
153,0.538635457,0.64889336,0.196153846,0.274691358,0.03125,0.19112628,0.114285714,0,0.486206897,0,0,0,0,0,0,0,0,0,0,1,0,0,1,0
40,0.107815756,0.110663984,0.603846154,0.138888889,0.696428571,0.092150171,0.151020408,0,0.086206897,0,0,0,0,0,0,1,0,0,0,0,0,0,1,0
59,0.188810569,0.742119383,0.757692308,0.530864198,0.330357143,0.04778157,0.028571429,0.017605634,0.320689655,0,0,0,0,0,1,0,0,0,0,0,0,0,1,0
242,0.829365607,0.655264923,0.173076923,0.324074074,0.370535714,0,0,0.017605634,0.448275862,0,0,0,0,0,0,1,0,0,0,0,0,0,1,0
46,0.132952077,0.507712944,0.788461538,0.527777778,0.09375,0.33105802,0.142857143,0.035211268,0.168965517,0,0,0,0,0,1,0,0,0,0,0,0,0,0,1
245,0.831981203,0.560362173,0.296153846,0.157407407,0,0.351535836,0.212244898,0,0.365517241,0,0,0,0,0,1,0,0,0,0,0,0,0,1,0
241,0.820809505,0.038564722,0.6,0.148148148,0.834821429,0.051194539,0.142857143,0.088028169,0.034482759,0,0,0,0,0,0,0,1,0,0,0,0,0,0,1
104,0.362814204,0.048289738,0.323076923,0.222222222,0.191964286,0.010238908,0.342857143,0.105633803,0.086206897,0,0,0,0,0,0,0,1,0,0,0,0,0,1,0
133,0.484018265,0.555667337,0.134615385,0.160493827,0.25,0.061433447,0.028571429,0.070422535,0.524137931,0,0,0,0,0,0,1,0,0,0,0,0,0,1,0
16,0.037238995,0.038229376,0.634615385,0.12962963,0.491071429,0.122866894,0.342857143,0,0.055172414,0,0,0,0,0,0,1,0,0,0,0,0,0,1,0
263,0.918074212,0.24379611,0.646153846,0.385802469,0.102678571,0.262798635,0.293877551,0,0.113793103,0,0,0,0,0,1,0,0,0,0,0,0,0,1,0
221,0.783481846,0.009725017,0.119230769,0,0,0.081911263,0.555102041,0,0.148275862,0,0,0,0,0,0,0,0,0,0,1,0,0,1,0
116,0.442878042,0.330315225,0.265384615,0.271604938,0.017857143,0.290102389,0.085714286,0,0.265517241,0,0,0,0,0,1,0,0,0,0,0,0,0,1,0
260,0.906680853,0.266934943,0.35,0.277777778,0.084821429,0.218430034,0.159183673,0,0.275862069,0,1,0,0,0,0,0,0,0,0,0,0,0,1,0
74,0.251451877,0.868879946,0.661538462,0.444444444,0.254464286,0.081911263,0.085714286,0.017605634,0.45862069,0,0,0,0,0,1,0,0,0,0,0,0,0,1,0
110,0.423504899,0.721998659,0.992307692,0.336419753,0.526785714,0.228668942,0.367346939,0.024647887,0.244827586,0,1,0,0,0,0,0,0,0,0,0,0,0,0,1
145,0.511193864,0.928906774,0.311538462,0.296296296,0.044642857,0.163822526,0.085714286,0,0.74137931,0,0,0,0,0,1,0,0,0,0,0,0,0,1,0
38,0.103870196,0.942991281,0.761538462,0.75308642,0,0.081911263,0.110204082,0,0.451724138,0,1,0,0,0,0,0,0,0,0,0,0,0,1,0
27,0.056479142,0.655935614,0.05,0.018518519,0.392857143,0.020477816,0.171428571,0,0.731034483,1,0,0,0,0,0,0,0,0,0,0,0,0,1,0
227,0.78937802,0.390342052,0.142307692,0.212962963,0.03125,0.163822526,0.057142857,0,0.472413793,0,0,0,0,0,1,0,0,0,0,0,0,0,1,0
140,0.500687148,0.616700201,0.6,0.320987654,0,0.392491468,0.269387755,0,0.255172414,0,0,0,0,0,1,0,0,0,0,0,0,0,1,0
121,0.457418983,0.649228706,0.830769231,0.404320988,0.209821429,0.290102389,0.240816327,0.035211268,0.213793103,0,0,0,0,0,0,1,0,0,0,0,0,0,0,1
286,0.99667509,0.145875252,0.023076923,0.200617284,0.035714286,0.071672355,0.089795918,0,0.362068966,0,1,0,0,0,0,0,0,0,0,0,0,0,1,0
87,0.285809283,0.975855131,0.323076923,0.067901235,0.325892857,0.092150171,0.371428571,0,0.551724138,1,0,0,0,0,0,0,0,0,0,0,0,0,1,0
9,0.018796826,0.064721663,0.734615385,0.101851852,0.566964286,0.194539249,0.33877551,0.070422535,0.051724138,0,0,1,0,0,0,0,0,0,0,0,0,0,0,1
6,0.010595381,0.427230047,0.096153846,0.021604938,0.491071429,0.054607509,0.085714286,0,0.434482759,1,0,0,0,0,0,0,0,0,0,0,0,0,1,0
198,0.698408476,0.693158954,0.415384615,0.351851852,0.049107143,0.150170648,0.171428571,0,0.527586207,0,1,0,0,0,0,0,0,0,0,0,0,0,1,0
202,0.714634038,0.861502347,0.846153846,0.330246914,0.415178571,0.33105802,0.212244898,0,0.262068966,0,0,0,0,0,0,0,0,0,0,1,0,0,0,1
204,0.715964002,0.441314554,0.357692308,0.061728395,0.022321429,0.317406143,0.297959184,0,0.431034483,0,1,0,0,0,0,0,0,0,0,0,0,0,1,0
287,1,0.352448021,0.323076923,0.37962963,0.40625,0.09556314,0,0,0.206896552,0,0,0,0,1,0,0,0,0,0,0,0,0,1,0
229,0.794343219,0.075452716,0.173076923,0.098765432,0.120535714,0.098976109,0.228571429,0.105633803,0.186206897,0,0,0,0,0,0,0,0,0,1,0,0,0,1,0
149,0.527641087,0.220657277,0.580769231,0,0.950892857,0,0.06122449,0,0.168965517,0,1,0,0,0,0,0,0,0,0,0,0,0,1,0
139,0.497317906,0.118041583,0.296153846,0.231481481,0,0.389078498,0.028571429,0.035211268,0.144827586,0,0,0,0,0,1,0,0,0,0,0,0,0,1,0
67,0.229817795,0.039235412,0.611538462,0.055555556,0.830357143,0.071672355,0.06122449,0.211267606,0.04137931,0,0,0,0,0,0,1,0,0,0,0,0,0,0,1
3,0.003635235,0.705566734,0.473076923,0.466049383,0.125,0.027303754,0.159183673,0,0.493103448,0,1,0,0,0,0,0,0,0,0,0,0,0,1,0
86,0.279957441,0.005030181,0.446153846,0.182098765,0.25,0.348122867,0.114285714,0,0.05862069,0,0,0,0,0,0,0,0,0,0,1,0,0,1,0
177,0.630181318,0.621730382,0,0.092592593,0.263392857,0.034129693,0.159183673,0,0.796551724,0,1,0,0,0,0,0,0,0,0,0,0,0,1,0
217,0.764552024,0.013413816,0.923076923,0.444444444,0.241071429,0.320819113,0.285714286,0.123239437,0,0,0,0,0,0,1,0,0,0,0,0,0,0,0,1
48,0.137207962,0.525150905,0.376923077,0.108024691,0.200892857,0.068259386,0.273469388,0.211267606,0.306896552,0,0,0,0,0,0,1,0,0,0,0,0,0,1,0
117,0.445227646,0.837357478,0.661538462,0.074074074,0.276785714,0.542662116,0.085714286,0.123239437,0.313793103,1,0,0,0,0,0,0,0,0,0,0,0,0,0,1
172,0.609921532,0.86351442,0.753846154,0.604938272,0.044642857,0.259385666,0.155102041,0.017605634,0.289655172,0,0,0,0,0,0,0,0,0,0,1,0,0,0,1
51,0.159773019,0.064721663,0.630769231,0.345679012,0.232142857,0.177474403,0.314285714,0,0.051724138,0,0,0,0,1,0,0,0,0,0,0,0,0,1,0
1,0.000132996,0.420858484,0.088461538,0.074074074,0.142857143,0.064846416,0.085714286,0.197183099,0.479310345,0,0,0,0,0,0,1,0,0,0,0,0,0,1,0
209,0.72420978,0.492957746,0.142307692,0.206790123,0.392857143,0.020477816,0,0,0.568965517,0,1,0,0,0,0,0,0,0,0,0,0,0,1,0
18,0.039588598,0.281354795,0.157692308,0.231481481,0.196428571,0.102389078,0.085714286,0,0.34137931,1,0,0,0,0,0,0,0,0,0,0,0,0,1,0
12,0.02801791,0.01240778,0.234615385,0.302469136,0.089285714,0.054607509,0.257142857,0.017605634,0.096551724,1,0,0,0,0,0,0,0,0,0,0,0,0,1,0
49,0.14297114,0.490610329,0.692307692,0.388888889,0.058035714,0.201365188,0.624489796,0.105633803,0.131034483,0,0,0,0,0,0,0,0,0,0,0,1,0,0,1
56,0.167974465,0.258551308,0.05,0.12654321,0.183035714,0.092150171,0.057142857,0.066901408,0.393103448,0,0,0,0,0,0,1,0,0,0,0,0,0,1,0
212,0.740213681,0.102615694,0.25,0.148148148,0.209821429,0.09556314,0.110204082,0.123239437,0.165517241,0,0,0,0,0,0,1,0,0,0,0,0,0,1,0
178,0.631112293,0.699195171,0.284615385,0.108024691,0.214285714,0.020477816,0.057142857,0.352112676,0.444827586,1,0,0,0,0,0,0,0,0,0,0,0,0,1,0
25,0.053154232,0.317907445,0.680769231,0.157407407,0.46875,0,0.428571429,0.158450704,0.131034483,0,0,0,0,0,0,1,0,0,0,0,0,0,0,1
183,0.649288469,0.208920188,0.453846154,0.151234568,0.223214286,0.276450512,0.224489796,0.042253521,0.14137931,1,0,0,0,0,0,0,0,0,0,0,0,0,1,0
101,0.328412466,0.036887995,0.046153846,0.135802469,0.147321429,0.150170648,0.069387755,0,0.272413793,0,1,0,0,0,0,0,0,0,0,0,0,0,1,0
186,0.663607749,0.323943662,0.073076923,0.203703704,0.116071429,0.14334471,0.057142857,0,0.386206897,0,0,0,0,0,0,0,0,0,0,1,0,0,1,0
43,0.117081172,0.64084507,0.392307692,0.138888889,0.428571429,0,0.285714286,0.070422535,0.351724138,0,0,0,0,0,0,1,0,0,0,0,0,0,1,0
129,0.469344328,0.635814889,0.692307692,0.364197531,0.321428571,0.051194539,0.342857143,0,0.337931034,0,0,0,0,0,0,0,0,0,0,1,0,0,1,0
199,0.698497141,0.838028169,0.319230769,0.024691358,0.401785714,0.075085324,0.371428571,0.017605634,0.475862069,0,0,0,0,0,0,1,0,0,0,0,0,0,1,0
182,0.648978144,0.491616365,0.719230769,0.043209877,0.526785714,0.04778157,0.632653061,0,0.193103448,0,0,0,0,0,0,0,0,0,0,0,1,0,0,1
203,0.715432017,0.941649899,0.6,0.459876543,0,0.296928328,0.2,0,0.372413793,0,0,0,0,0,1,0,0,0,0,0,0,0,1,0
103,0.350135213,0.190811536,0.215384615,0.354938272,0.09375,0.013651877,0.057142857,0,0.313793103,0,0,0,0,0,1,0,0,0,0,0,0,0,1,0
14,0.032185131,0.719651241,0.292307692,0.083333333,0.200892857,0.068259386,0.040816327,0.362676056,0.448275862,1,0,0,0,0,0,0,0,0,0,0,0,0,1,0
134,0.485481225,0.089201878,0.084615385,0.216049383,0.09375,0.071672355,0,0,0.313793103,0,1,0,0,0,0,0,0,0,0,0,0,0,1,0
268,0.934787427,0.614017438,0.134615385,0.111111111,0.1875,0.232081911,0,0,0.596551724,0,0,0,1,0,0,0,0,0,0,0,0,0,1,0
154,0.539566432,0.570757881,0.330769231,0.179012346,0.276785714,0.156996587,0.208163265,0,0.437931034,0,1,0,0,0,0,0,0,0,0,0,0,0,1,0
115,0.430952698,0.460764588,0.373076923,0.271604938,0.3125,0.064846416,0.114285714,0,0.317241379,0,0,0,0,1,0,0,0,0,0,0,0,0,1,0
109,0.419160349,0.281690141,0.1,0.046296296,0.089285714,0.027303754,0.346938776,0.095070423,0.334482759,0,0,0,0,0,0,1,0,0,0,0,0,0,1,0
70,0.240546172,0.352112676,0.769230769,1,0.303571429,0.04778157,0,0,0.082758621,0,0,0,0,0,0,1,0,0,0,0,0,0,0,1
259,0.903178614,0.609322602,0.211538462,0.348765432,0,0.184300341,0.069387755,0,0.448275862,0,0,0,0,0,1,0,0,0,0,0,0,0,1,0
158,0.553930044,0.09121395,0.665384615,0.166666667,0.049107143,0.102389078,0.375510204,0.404929577,0.05862069,0,0,0,0,0,0,0,1,0,0,0,0,0,0,1
236,0.811233763,0.199530516,0.919230769,0.777777778,0.120535714,0.09556314,0,0,0.089655172,0,0,0,0,0,1,0,0,0,0,0,0,0,0,1
155,0.544841956,0.312206573,0.457692308,0.24691358,0.602678571,0.068259386,0.057142857,0.035211268,0.227586207,0,1,0,0,0,0,0,0,0,0,0,0,0,1,0
235,0.810391453,0.324279007,0.473076923,0,0.102678571,0.102389078,0.448979592,0.313380282,0.182758621,1,0,0,0,0,0,0,0,0,0,0,0,0,1,0
15,0.036795673,0.315895372,0.115384615,0.111111111,0.129464286,0.098976109,0.057142857,0.179577465,0.348275862,0,0,0,0,1,0,0,0,0,0,0,0,0,1,0
228,0.792658598,0.422870557,0.938461538,0.398148148,0.428571429,0.071672355,0.428571429,0.176056338,0.103448276,0,0,0,0,0,0,0,1,0,0,0,0,0,0,1
146,0.511371193,0.298457411,0.469230769,0.052469136,0.558035714,0,0.379591837,0,0.193103448,1,0,0,0,0,0,0,0,0,0,0,0,0,1,0
205,0.716673316,0.027498323,0.103846154,0.012345679,0.5,0,0,0.14084507,0.165517241,0,0,0,0,0,1,0,0,0,0,0,0,0,1,0
22,0.045396108,0.004024145,0.123076923,0.271604938,0.022321429,0.197952218,0.040816327,0,0.14137931,0,0,0,0,0,1,0,0,0,0,0,0,0,1,0
138,0.492929024,0.224346076,0.4,0.043209877,0.160714286,0.470989761,0,0.221830986,0.144827586,0,0,0,0,0,0,1,0,0,0,0,0,0,1,0
58,0.18344638,0.29342723,0.096153846,0.145061728,0.040178571,0.194539249,0.126530612,0.035211268,0.344827586,0,0,0,0,0,1,0,0,0,0,0,0,0,1,0
162,0.56381611,0.815560027,0.315384615,0.225308642,0.142857143,0.269624573,0.089795918,0.017605634,0.479310345,0,0,0,0,0,1,0,0,0,0,0,0,0,1,0
75,0.260805958,0.511737089,0.346153846,0.259259259,0.191964286,0.064846416,0.265306122,0.052816901,0.303448276,0,0,0,0,0,0,0,1,0,0,0,0,0,1,0
64,0.205612448,0.444332663,0.611538462,0.62037037,0,0.122866894,0.310204082,0,0.224137931,0,1,0,0,0,0,0,0,0,0,0,0,0,0,1
69,0.234871658,0.577464789,0.092307692,0.108024691,0.03125,0.194539249,0.097959184,0.070422535,0.689655172,1,0,0,0,0,0,0,0,0,0,0,0,0,1,0
283,0.979075232,0.439973172,0.038461538,0.055555556,0.09375,0.102389078,0.285714286,0,0.503448276,1,0,0,0,0,0,0,0,0,0,0,0,0,1,0
131,0.478033426,0.043930248,0.569230769,0.148148148,0.491071429,0.160409556,0.2,0,0.068965517,0,0,0,0,0,0,1,0,0,0,0,0,0,1,0
168,0.599592144,0.59054326,0.976923077,0.311728395,0.125,0.389078498,0.526530612,0,0.165517241,0,1,0,0,0,0,0,0,0,0,0,0,0,0,1
76,0.26271224,0.94600939,0.511538462,0.104938272,0.151785714,0,0.489795918,0.26056338,0.455172414,0,0,0,0,0,0,1,0,0,0,0,0,0,1,0
118,0.449705191,0.867538565,0.426923077,0.259259259,0.160714286,0.167235495,0.126530612,0,0.537931034,0,0,0,0,0,1,0,0,0,0,0,0,0,1,0
213,0.741454981,0.026492287,0.019230769,0.132716049,0,0.262798635,0.146938776,0,0.220689655,0,1,0,0,0,0,0,0,0,0,0,0,0,1,0
180,0.642328324,0.769953052,0.607692308,0.234567901,0.330357143,0.279863481,0.142857143,0.070422535,0.310344828,0,0,0,0,0,0,0,1,0,0,0,0,0,1,0
99,0.325131888,0.468812877,0.323076923,0.314814815,0.28125,0.020477816,0.114285714,0,0.424137931,0,1,0,0,0,0,0,0,0,0,0,0,0,1,0
135,0.487609168,0.924211938,0.669230769,0.166666667,0.5,0.368600683,0.183673469,0,0.317241379,0,0,0,0,1,0,0,0,0,0,0,0,0,0,1
176,0.627166733,0.647216633,0.042307692,0.141975309,0,0.273037543,0.057142857,0,0.651724138,0,0,0,1,0,0,0,0,0,0,0,0,0,1,0
275,0.9481314,0.087525151,0.511538462,0.098765432,0.183035714,0.177474403,0.346938776,0.183098592,0.079310345,0,0,0,0,0,0,1,0,0,0,0,0,0,1,0
84,0.278583145,0.420858484,0.880769231,0.055555556,0.379464286,0.051194539,0.612244898,0.316901408,0.127586207,0,0,0,0,0,0,1,0,0,0,0,0,0,0,1
